8,0,0,0,0,Male
6,0,0,0,1,Male
11,0,0,0,2,Male
10,0,0,0,1,Male
7,1,0,0,0,Male
8,1,0,0,0,Male
8,1,0,0,0,Male
9,1,1,0,1,Male
8,0,1,0,0,Male
3,0,0,0,0,Male
8,0,0,0,0,Male
7,0,0,0,0,Male
10,0,0,0,0,Male
7,0,0,0,0,Male
7,0,0,0,0,Male
9,0,0,0,0,Male
18,0,1,0,2,Male
9,0,0,0,0,Male
9,0,0,0,0,Male
9,0,0,0,0,Male
4,0,1,0,1,Male
6,0,1,0,1,Male
5,0,1,0,1,Male
5,0,1,0,1,Male
7,0,1,0,1,Male
5,0,2,0,1,Male
6,0,1,0,1,Male
4,0,1,0,1,Male
7,0,2,0,1,Male
5,0,2,0,1,Male
6,0,1,0,1,Male
4,0,1,0,1,Male
4,0,1,0,1,Male
4,0,1,0,1,Male
4,0,1,0,1,Male
8,0,0,0,0,Male
12,0,1,0,2,Male
8,0,0,0,0,Male
1,0,0,0,0,Male
9,0,0,0,0,Male
8,1,0,0,0,Male
7,0,0,0,0,Male
11,0,0,0,0,Male
11,0,0,0,1,Male
5,0,0,0,0,Male
6,0,0,0,0,Male
7,0,0,0,0,Male
6,0,1,0,0,Male
6,0,1,0,0,Male
6,0,1,0,0,Male
4,0,0,0,0,Male
4,0,0,0,0,Male
7,0,1,0,0,Male
7,0,1,0,0,Male
6,0,1,0,0,Male
6,0,0,0,0,Male
9,0,1,0,0,Male
8,0,0,0,0,Male
3,0,0,0,1,Male
9,0,0,0,0,Female
7,0,0,0,0,Male
5,0,0,0,0,Male
6,0,0,0,0,Male
4,1,0,0,0,Male
5,0,0,0,1,Male
4,0,0,0,0,Male
4,0,0,0,0,Male
8,0,1,0,0,Male
5,0,0,0,0,Male
5,0,0,0,1,Male
9,0,0,0,0,Male
3,0,0,0,0,Male
10,0,0,0,0,Male
3,0,0,0,1,Male
3,0,0,0,0,Male
1,0,0,0,1,Male
1,0,0,0,0,Female
1,0,0,0,0,Female
2,0,0,0,0,Male
4,0,0,0,0,Male
3,0,0,0,1,Male
3,0,0,0,0,Male
2,0,0,0,0,Male
2,0,0,0,0,Male
2,0,0,0,0,Male
3,0,1,0,0,Male
1,0,0,0,0,Male
3,0,1,0,0,Male
2,0,1,0,0,Male
2,0,1,0,0,Male
2,0,0,0,0,Male
3,0,1,0,1,Male
2,0,0,0,0,Male
2,0,0,0,0,Male
3,0,0,0,0,Female
3,0,0,0,0,Male
5,0,0,0,1,Male
4,0,0,0,0,Male
2,0,0,0,1,Male
2,0,0,0,1,Male
2,0,0,0,1,Male
2,0,0,0,1,Male
4,0,0,0,0,Male
1,0,0,0,0,Male
9,0,2,0,0,Male
2,0,0,0,0,Male
2,0,0,0,0,Female
4,0,1,0,0,Male
1,0,0,0,0,Male
4,0,0,0,0,Male
2,0,0,0,0,Male
2,0,0,0,0,Male
2,0,0,0,1,Male
3,0,0,0,0,Male
2,0,0,0,0,Male
3,0,1,0,0,Male
2,0,0,0,0,Male
2,0,0,0,0,Male
5,0,1,0,0,Male
0,0,0,0,1,Male
1,0,0,0,0,Male
0,0,0,0,0,Male
2,0,0,0,0,Male
1,0,0,0,0,Male
2,0,0,0,0,Male
2,0,0,0,0,Male
3,0,0,0,0,Male
4,0,0,0,0,Female
3,0,0,0,0,Male
4,0,0,0,1,Male
2,0,0,0,0,Male
2,0,0,0,1,Male
2,0,0,0,0,Male
1,0,0,0,0,Female
1,0,0,0,1,Male
2,0,0,0,0,Male
3,0,0,0,0,Female
4,0,0,0,0,Female
1,0,0,0,0,Female
1,0,0,0,0,Male
1,0,0,0,0,Female
1,0,0,0,0,Female
0,0,0,0,1,Female
2,0,0,0,0,Male
1,0,0,0,0,Female
1,0,0,0,0,Female
3,0,0,0,0,Male
2,0,0,0,0,Male
1,0,0,0,0,Male
1,0,0,0,0,Male
1,0,0,0,0,Male
1,0,0,0,0,Male
1,0,0,0,0,Male
1,0,0,0,0,Male
1,0,0,0,0,Male
1,0,0,0,0,Male
1,0,0,0,0,Male
1,0,0,0,0,Male
4,0,0,0,0,Male
2,0,0,0,1,Male
2,0,0,0,0,Male
3,0,0,0,0,Male
1,0,0,0,0,Female
2,0,0,0,0,Female
3,0,0,0,1,Female
2,0,0,0,0,Male
3,0,0,0,0,Male
3,0,0,0,0,Male
2,0,0,0,0,Male
4,0,0,0,1,Male
1,0,0,0,0,Female
3,0,0,0,0,Male
3,0,0,0,0,Male
7,0,0,0,0,Male
4,0,0,0,0,Male
1,0,0,0,0,Male
3,0,1,0,0,Male
4,0,0,0,0,Male
0,0,0,0,0,Male
0,0,0,0,0,Male
5,0,0,0,0,Male
2,0,0,0,0,Male
2,0,0,0,0,Male
3,0,0,0,0,Male
1,0,0,0,0,Male
1,0,0,0,0,Male
2,0,0,0,0,Male
3,0,0,0,1,Male
7,0,1,0,0,Male
2,0,0,0,0,Male
2,0,0,0,0,Male
2,0,0,0,0,Male
1,0,0,0,0,Male
1,0,0,0,0,Male
2,0,0,0,0,Male
4,0,0,0,0,Female
3,0,0,0,1,Male
3,0,0,0,0,Male
3,0,0,0,0,Male
1,0,0,0,0,Female
3,0,0,0,0,Male
5,0,0,0,0,Male
1,0,0,0,0,Male
2,0,0,0,1,Male
4,0,0,0,0,Male
3,0,0,0,0,Male
3,0,0,0,0,Male
3,0,0,0,0,Male
1,0,0,0,0,Female
3,0,0,0,0,Male
1,0,0,0,0,Female
2,0,0,0,0,Female
1,0,0,0,0,Female
1,0,0,0,0,Female
2,0,0,0,0,Male
1,0,0,0,0,Female
4,0,0,0,0,Male
3,0,0,0,0,Male
1,0,0,0,0,Male
3,0,0,0,0,Male
3,0,0,0,1,Male
6,0,0,0,0,Male
2,0,0,0,0,Male
3,0,0,0,0,Male
4,0,0,0,0,Female
1,0,0,0,0,Female
3,0,0,0,0,Female
2,0,0,0,0,Male
3,0,0,0,0,Male
3,0,0,0,0,Male
2,0,0,0,0,Male
3,0,0,0,0,Male
3,0,0,0,0,Male
3,0,0,0,0,Male
4,0,0,0,0,Male
4,0,0,0,0,Male
1,0,0,0,0,Male
1,0,0,0,0,Male
5,0,0,0,0,Male
3,0,0,0,0,Male
3,0,0,0,0,Male
3,0,0,0,0,Male
1,0,0,0,0,Male
2,0,0,0,0,Female
4,0,0,0,1,Male
3,0,0,0,0,Male
3,0,0,0,0,Male
3,0,0,0,0,Male
3,0,0,0,1,Male
6,0,0,0,0,Male
2,0,0,0,0,Male
1,0,0,0,0,Female
3,0,0,0,0,Male
2,0,0,0,0,Male
2,0,0,0,0,Male
1,0,0,0,0,Male
2,0,0,0,0,Male
4,0,0,0,0,Male
1,0,0,0,0,Female
1,0,0,0,0,Male
2,0,0,0,0,Male
4,0,0,0,0,Male
1,0,0,0,0,Male
4,0,0,0,0,Male
2,0,0,0,0,Male
1,0,0,0,0,Female
4,0,0,0,0,Male
4,0,0,0,0,Male
2,0,0,0,0,Male
2,0,0,0,0,Male
5,0,0,0,0,Male
1,0,0,0,0,Male
2,0,0,0,0,Male
3,0,0,0,0,Male
1,0,0,0,0,Male
2,0,0,0,0,Male
2,0,0,0,0,Male
2,0,0,0,0,Male
2,0,0,0,0,Male
3,0,1,0,0,Male
3,0,1,0,0,Male
2,0,1,0,1,Male
3,0,1,0,0,Male
3,0,1,0,0,Male
2,0,1,0,0,Male
2,0,1,0,0,Male
3,0,1,0,0,Male
6,0,1,0,0,Male
2,0,1,0,0,Male
10,0,3,0,0,Male
10,0,3,0,0,Male
10,0,3,0,0,Male
10,0,3,0,0,Male
10,0,3,0,0,Male
10,0,3,0,0,Male
10,0,3,0,0,Male
9,0,3,0,0,Male
9,0,3,0,0,Male
8,0,3,0,0,Male
8,0,3,0,0,Male
8,0,3,0,0,Male
8,0,3,0,0,Male
8,0,3,0,0,Male
8,0,3,0,0,Male
8,0,3,0,0,Male
8,0,3,0,0,Male
5,0,0,0,0,Male
1,0,0,0,0,Male
1,0,0,0,0,Male
2,0,0,0,0,Male
3,0,0,0,0,Male
1,0,0,0,0,Male
1,0,0,0,1,Male
2,0,0,0,0,Male
2,0,0,0,1,Male
2,0,0,0,0,Male
4,0,0,0,0,Male
3,0,0,0,0,Male
4,0,0,0,0,Male
2,0,0,0,0,Male
3,0,0,0,0,Male
3,0,0,0,0,Male
3,0,0,0,0,Male
3,0,0,0,0,Male
3,0,0,0,0,Male
2,0,0,0,0,Male
2,0,0,0,0,Male
2,0,0,0,0,Male
3,0,0,0,0,Male
3,0,0,0,1,Male
2,0,0,0,0,Male
1,0,0,0,1,Male
0,0,0,0,0,Male
0,0,0,0,0,Male
0,0,0,0,0,Male
0,0,0,0,0,Male
3,0,0,0,0,Female
1,0,0,0,0,Male
1,0,0,0,0,Male
2,0,1,0,1,Male
1,0,0,0,0,Male
1,0,0,0,0,Male
2,0,0,0,0,Male
2,0,0,0,0,Male
2,0,0,0,0,Male
2,0,0,0,0,Male
2,0,0,0,0,Male
2,0,0,0,0,Male
1,0,0,0,0,Male
4,0,1,0,0,Male
8,1,2,0,0,Male
5,0,1,0,0,Male
2,0,0,0,0,Male
3,0,0,0,0,Male
6,0,1,0,0,Male
4,0,1,0,0,Male
3,0,0,0,0,Male
4,0,1,0,0,Male
1,0,0,0,0,Male
1,0,0,0,0,Male
2,0,1,0,0,Male
1,0,1,0,0,Male
3,0,0,0,0,Male
1,0,0,0,0,Male
3,0,1,0,0,Female
4,0,3,0,0,Male
4,2,0,0,0,Male
4,0,3,0,0,Male
10,0,1,0,0,Male
7,0,2,0,0,Female
1,0,0,0,0,Male
3,0,0,0,0,Male
1,0,0,0,0,Male
5,0,0,0,0,Male
1,0,0,0,0,Male
6,0,0,0,1,Male
2,0,0,0,0,Male
3,0,0,0,0,Male
4,0,0,0,0,Male
7,0,0,0,0,Male
5,0,0,0,1,Male
2,0,1,0,0,Male
2,0,1,0,0,Male
2,0,0,0,0,Male
3,0,1,0,0,Male
2,0,1,0,0,Male
8,0,3,0,0,Male
4,0,0,0,0,Male
1,0,0,0,0,Male
2,0,0,0,0,Male
4,1,0,0,0,Male
3,0,0,0,0,Male
4,0,2,0,0,Male
4,0,0,0,1,Male
3,0,0,0,0,Male
3,0,0,0,0,Male
3,0,0,0,0,Male
6,0,2,0,0,Male
6,0,2,0,0,Male
6,0,0,0,0,Male
5,0,2,0,0,Male
6,0,2,0,0,Male
6,0,2,0,0,Male
1,0,0,0,1,Male
1,0,0,0,0,Male
1,0,0,0,0,Male
12,0,5,0,1,Male
6,0,2,0,0,Male
0,0,0,0,0,Male
5,0,0,0,0,Male
3,0,0,0,0,Male
1,0,0,0,0,Male
3,0,1,0,1,Male
5,0,1,0,0,Female
3,0,0,0,0,Male
6,0,1,0,0,Male
2,0,1,0,0,Male
4,0,1,0,1,Male
3,0,0,0,0,Male
0,0,0,0,1,Male
1,0,0,0,0,Male
4,0,2,0,0,Male
1,0,0,0,0,Male
1,0,0,0,0,Male
1,0,0,0,0,Male
5,0,0,0,0,Male
3,0,0,0,1,Male
6,0,0,0,0,Male
3,0,0,0,0,Male
11,0,0,0,0,Male
18,0,4,0,0,Male
2,0,0,0,0,Male
1,0,0,0,0,Male
2,0,0,0,0,Male
1,0,0,0,0,Male
2,0,0,0,0,Male
2,0,0,0,0,Male
3,0,1,0,1,Male
2,0,0,0,0,Male
2,0,0,0,0,Male
2,0,0,0,0,Male
3,0,0,0,0,Male
2,0,0,0,0,Male
2,0,0,0,0,Male
2,0,0,0,0,Male
2,0,0,0,0,Male
2,0,0,0,0,Male
5,0,0,0,0,Male
6,0,0,0,1,Male
6,0,3,0,2,Male
2,0,0,0,0,Female
4,0,0,0,0,Male
4,0,0,0,0,Male
4,1,0,0,0,Male
0,0,0,0,0,Male
1,0,0,0,0,Male
0,0,0,0,1,Male
2,0,0,0,0,Male
2,0,0,0,0,Male
10,0,1,0,1,Male
2,0,1,0,1,Male
1,0,0,0,0,Male
8,0,2,0,0,Male
2,0,0,0,0,Male
7,0,1,0,0,Male
8,0,1,0,0,Male
6,0,1,0,0,Male
4,0,0,0,0,Male
13,0,0,0,0,Male
6,0,0,0,0,Male
4,0,1,0,1,Male
1,0,0,0,0,Male
2,0,1,0,0,Male
5,0,1,0,1,Male
2,0,0,0,1,Male
6,0,1,0,2,Male
6,0,1,0,2,Male
6,0,1,0,1,Male
6,0,1,0,2,Male
6,0,1,0,2,Male
10,0,1,0,0,Male
20,0,3,0,2,Male
13,0,0,0,1,Male
9,0,1,0,1,Male
20,0,0,0,0,Male
2,0,0,0,2,Male
11,0,1,0,0,Male
8,0,1,0,0,Female
4,0,2,0,0,Male
9,0,1,0,0,Male
7,0,1,0,0,Male
2,0,0,0,0,Male
2,0,0,0,0,Male
6,0,0,0,1,Female
4,0,1,0,0,Male
4,0,1,0,0,Male
6,0,1,0,1,Male
3,0,1,0,1,Male
9,0,1,0,0,Male
2,0,0,0,1,Male
4,0,1,0,0,Male
10,0,3,0,1,Female
10,0,1,0,0,Male
2,0,0,0,0,Male
2,0,0,0,0,Male
5,0,1,0,2,Male
5,0,1,0,2,Male
5,0,1,0,2,Male
5,0,1,0,2,Male
5,0,1,0,2,Male
5,0,1,0,2,Male
5,0,1,0,2,Male
5,0,1,0,2,Male
5,0,1,0,2,Male
5,0,1,0,2,Male
5,0,1,0,1,Male
5,0,1,0,2,Male
3,0,1,0,0,Male
5,0,1,0,2,Male
5,0,1,0,2,Male
5,0,1,0,2,Male
5,0,1,0,2,Male
4,0,1,0,1,Male
5,0,1,0,2,Male
8,0,1,0,1,Male
8,0,1,0,1,Male
15,0,2,0,0,Male
15,0,2,0,0,Male
9,0,1,0,3,Male
5,0,1,0,0,Female
10,0,3,0,0,Female
6,0,1,0,0,Male
3,0,1,0,3,Female
4,0,1,0,0,Male
9,1,2,0,2,Male
9,1,2,0,2,Male
5,0,0,0,0,Male
5,0,0,0,0,Male
3,0,0,0,0,Male
2,0,0,0,0,Male
2,0,0,0,0,Male
1,0,0,0,0,Male
11,0,2,0,0,Male
11,0,2,0,0,Male
4,0,1,0,1,Male
4,0,1,0,1,Male
4,0,1,0,1,Male
4,0,1,0,1,Female
4,0,1,0,1,Female
4,0,1,0,1,Male
4,0,1,0,1,Male
4,0,1,0,1,Male
4,0,1,0,1,Male
4,0,1,0,1,Male
4,0,1,0,1,Male
4,0,1,0,1,Male
4,0,1,0,1,Male
4,0,1,0,1,Male
4,0,1,0,1,Male
5,0,1,0,1,Male
4,0,1,0,1,Male
4,0,1,0,1,Male
3,0,1,0,1,Male
1,0,0,0,0,Male
4,0,1,0,0,Male
10,0,0,0,0,Male
5,0,0,0,0,Male
3,0,1,0,0,Male
5,0,0,0,0,Male
5,0,0,0,0,Male
1,0,0,0,2,Male
4,0,1,0,0,Male
4,0,1,0,0,Male
1,0,0,0,0,Male
16,0,2,0,2,Male
2,0,0,0,1,Male
6,0,0,0,1,Male
5,0,0,0,1,Male
4,0,0,0,0,Male
1,0,1,0,1,Male
6,0,1,0,1,Male
7,0,1,0,0,Male
8,0,2,0,0,Male
6,0,1,0,1,Male
7,0,1,0,0,Male
6,0,1,0,1,Male
7,0,1,0,0,Male
6,0,1,0,1,Male
7,0,1,0,0,Male
6,0,1,0,0,Male
6,0,1,0,1,Male
8,0,2,0,0,Male
7,0,1,0,0,Male
8,0,2,0,0,Male
7,0,1,0,0,Male
8,0,2,0,0,Male
7,0,1,0,0,Male
11,0,2,0,1,Male
15,0,3,0,1,Male
16,0,3,0,1,Male
9,0,2,0,1,Male
11,0,2,0,1,Male
8,0,2,0,2,Male
8,0,0,0,0,Female
3,0,0,0,0,Male
4,0,1,0,1,Male
4,0,1,0,1,Male
2,0,0,0,0,Female
8,0,1,0,0,Female
8,0,1,0,0,Female
8,0,1,0,0,Female
8,0,1,0,0,Female
8,0,1,0,0,Female
8,0,1,0,0,Female
8,0,1,0,0,Male
7,0,1,0,0,Male
2,0,0,0,0,Male
6,0,0,0,0,Male
6,0,0,0,0,Male
14,0,0,0,1,Male
20,0,4,0,4,Male
12,0,0,0,1,Male
13,0,0,0,1,Male
20,0,2,0,2,Male
5,0,2,0,0,Male
2,0,0,0,0,Female
3,0,0,0,0,Male
10,0,1,0,1,Male
1,0,0,0,0,Male
2,0,0,0,0,Male
10,0,2,0,0,Male
10,0,2,0,0,Male
2,0,0,0,0,Male
8,0,1,0,1,Male
2,0,0,0,0,Male
1,0,0,0,0,Male
3,0,1,0,0,Male
3,0,1,0,0,Female
3,0,1,0,0,Male
3,0,1,0,0,Female
3,0,1,0,0,Male
3,0,1,0,0,Female
3,0,1,0,0,Male
3,0,1,0,0,Female
3,0,1,0,0,Female
3,0,1,0,0,Male
3,0,1,0,0,Female
3,0,1,0,0,Female
3,0,1,0,0,Male
3,0,1,0,0,Female
3,0,1,0,0,Male
3,0,1,0,0,Female
3,0,1,0,0,Male
3,0,1,0,0,Female
3,0,1,0,0,Male
1,0,0,0,0,Male
2,0,3,0,2,Male
6,0,1,0,1,Male
5,0,1,0,1,Male
2,0,0,0,0,Male
3,0,0,0,0,Male
9,0,0,0,0,Male
6,0,1,0,0,Male
3,0,0,0,0,Male
4,0,0,0,0,Male
3,0,0,0,1,Male
2,0,0,0,0,Male
5,0,1,0,1,Male
2,0,0,0,0,Male
2,0,0,0,0,Male
4,0,0,0,0,Male
4,0,0,0,0,Male
3,0,0,0,0,Male
5,0,2,0,1,Male
2,0,0,0,0,Male
2,0,0,0,0,Male
6,0,0,0,0,Male
1,0,0,0,0,Female
4,0,0,0,0,Female
5,0,0,0,0,Male
5,0,1,0,0,Female
3,0,0,0,0,Female
1,0,0,0,1,Male
5,0,0,0,0,Male
2,0,0,0,0,Male
3,0,0,0,0,Male
4,0,0,0,0,Male
4,0,0,0,0,Male
3,0,0,0,0,Male
3,0,0,0,0,Male
3,0,0,0,0,Male
3,0,0,0,0,Male
7,0,0,0,0,Male
3,0,0,0,0,Male
1,0,0,0,0,Male
2,0,0,0,0,Male
5,0,1,0,2,Male
1,0,0,0,0,Male
5,0,1,0,2,Male
5,0,1,0,2,Male
5,0,1,0,2,Male
5,0,1,0,2,Male
5,0,1,0,2,Male
5,0,1,0,2,Male
5,0,1,0,2,Male
5,0,1,0,2,Male
5,0,1,0,2,Male
5,0,1,0,2,Male
5,0,1,0,2,Male
5,0,1,0,2,Male
2,0,1,0,0,Male
5,0,1,0,2,Male
2,0,1,0,0,Male
5,0,1,0,2,Male
2,0,1,0,0,Male
5,0,1,0,2,Male
5,0,1,0,2,Male
5,0,1,0,2,Male
2,0,1,0,0,Male
2,0,1,0,0,Male
2,0,1,0,0,Male
2,0,1,0,0,Male
2,0,1,0,0,Male
2,0,1,0,0,Male
5,0,1,0,2,Male
5,0,1,0,2,Male
5,0,1,0,2,Male
5,0,1,0,2,Male
5,0,1,0,2,Male
2,0,1,0,0,Male
5,0,1,0,2,Male
5,0,1,0,2,Male
5,0,1,0,2,Male
5,0,1,0,2,Male
5,0,1,0,2,Male
4,0,0,0,0,Male
2,0,0,0,0,Male
2,0,0,0,0,Male
2,0,0,0,0,Male
2,0,0,0,0,Male
1,0,0,0,0,Male
3,0,0,0,1,Male
0,0,0,0,0,Male
1,0,0,0,0,Male
5,0,0,0,1,Male
9,2,1,0,0,Male
5,2,1,0,0,Male
7,0,2,0,0,Male
7,0,1,0,0,Male
7,0,2,0,0,Male
6,0,2,0,0,Male
8,0,2,0,0,Male
2,0,0,0,0,Male
3,0,0,0,0,Male
2,0,0,0,1,Male
3,0,1,0,0,Male
3,0,0,0,0,Male
4,0,1,0,1,Male
6,0,0,0,1,Male
6,0,0,0,1,Male
1,0,0,0,0,Male
2,0,1,0,0,Male
2,0,0,0,1,Male
5,0,0,0,0,Male
2,0,0,0,1,Male
4,0,0,0,0,Male
4,0,1,0,1,Female
4,0,2,0,1,Female
6,0,1,0,0,Female
5,0,0,0,0,Female
8,0,0,0,0,Male
2,0,0,0,0,Male
3,0,0,0,0,Male
5,0,0,0,0,Male
3,0,0,0,0,Male
3,0,2,0,0,Male
4,2,1,0,1,Male
4,2,1,0,1,Female
7,0,0,0,2,Male
1,0,0,0,0,Male
4,0,1,0,1,Male
9,0,2,0,1,Male
5,0,1,0,0,Male
6,0,2,0,1,Male
3,0,0,0,0,Male
2,0,0,0,1,Male
4,0,0,0,0,Male
7,0,2,0,1,Female
2,0,0,0,0,Male
5,0,1,0,0,Male
1,0,1,0,0,Male
2,0,1,0,0,Male
6,0,1,0,2,Male
2,0,1,0,0,Male
7,0,1,0,2,Male
2,0,1,0,0,Male
8,0,1,0,2,Male
2,0,1,0,0,Male
2,0,1,0,0,Male
9,0,1,0,2,Male
2,0,1,0,0,Male
8,0,1,0,2,Male
6,0,1,0,2,Male
2,0,1,0,0,Male
6,0,1,0,2,Male
2,0,1,0,0,Male
8,0,1,0,2,Male
5,0,3,0,0,Male
2,0,1,0,0,Male
6,0,1,0,2,Male
2,0,1,0,0,Male
8,0,2,0,2,Male
8,0,1,0,2,Male
2,0,1,0,0,Male
4,0,0,0,0,Male
3,0,0,0,1,Male
2,0,0,0,0,Male
1,0,0,0,0,Male
2,0,1,0,0,Male
1,0,1,0,0,Male
2,0,0,0,0,Male
8,0,2,0,0,Male
7,0,1,0,0,Male
2,0,0,0,0,Male
2,0,0,0,2,Male
5,1,0,0,2,Male
2,0,0,0,1,Male
9,0,2,0,0,Male
0,0,0,0,0,Male
4,0,2,0,0,Male
2,0,0,0,1,Male
7,0,3,0,0,Male
5,0,1,0,0,Male
1,0,0,0,0,Male
2,0,0,0,0,Male
3,0,1,0,0,Male
2,0,0,0,0,Female
1,0,0,0,0,Male
1,0,0,0,0,Male
1,0,0,0,0,Male
1,0,0,0,0,Male
5,0,1,0,0,Male
1,0,0,0,0,Male
1,0,0,0,0,Male
1,0,0,0,0,Male
1,0,0,0,0,Male
1,0,0,0,0,Male
1,0,0,0,0,Male
0,0,0,0,0,Male
3,0,0,0,0,Male
1,0,0,0,0,Male
1,0,0,0,0,Male
1,0,0,0,0,Male
1,0,0,0,0,Male
1,0,0,0,0,Male
1,0,0,0,0,Male
1,0,0,0,0,Male
1,0,0,0,0,Male
1,0,0,0,0,Male
1,0,0,0,0,Male
1,0,0,0,0,Male
1,0,0,0,0,Male
1,0,0,0,0,Male
1,0,0,0,0,Male
1,0,0,0,0,Male
2,0,0,0,1,Male
1,0,0,0,0,Male
1,0,0,0,0,Male
1,0,0,0,0,Male
5,0,0,0,0,Male
1,0,0,0,0,Male
1,0,0,0,0,Male
1,0,0,0,0,Male
1,0,0,0,0,Male
1,0,0,0,0,Male
1,0,0,0,0,Male
2,0,0,0,0,Male
1,0,0,0,0,Male
1,0,0,0,0,Male
3,0,0,0,0,Male
1,0,0,0,0,Male
1,0,0,0,0,Male
1,0,0,0,0,Male
1,0,0,0,0,Male
1,0,0,0,0,Male
3,0,0,0,0,Male
1,0,0,0,0,Male
1,0,0,0,0,Male
1,0,0,0,0,Male
1,0,0,0,0,Male
1,0,0,0,0,Male
1,0,0,0,0,Male
1,0,0,0,0,Male
2,0,1,0,0,Male
3,0,0,0,0,Male
4,0,0,0,1,Male
4,0,0,0,0,Male
4,0,0,0,0,Male
5,0,0,0,0,Male
4,0,0,0,0,Male
4,0,0,0,0,Male
1,0,0,0,0,Male
2,0,0,0,0,Male
2,0,0,0,0,Male
2,0,0,0,0,Male
3,0,0,0,0,Male
0,0,1,0,0,Male
4,0,0,0,0,Male
3,0,0,0,0,Male
3,0,0,0,0,Male
3,0,0,0,0,Male
2,0,0,0,0,Male
2,0,0,0,0,Male
3,0,0,0,0,Male
3,0,0,0,0,Male
1,0,0,0,0,Male
3,0,0,0,0,Male
2,0,0,0,0,Male
6,0,0,0,0,Male
0,0,0,0,1,Female
4,0,0,0,0,Male
0,0,0,0,1,Female
0,0,0,0,1,Female
2,0,0,0,0,Male
0,0,0,0,1,Female
2,0,0,0,0,Male
3,0,1,0,0,Male
2,0,0,0,0,Male
1,0,0,0,0,Male
2,0,0,0,0,Male
12,0,4,0,1,Male
2,0,0,0,0,Male
6,3,1,0,0,Male
6,0,0,0,0,Male
5,0,1,0,0,Female
6,0,0,0,0,Male
5,0,2,0,0,Female
7,3,2,0,0,Male
4,0,1,0,0,Male
2,0,0,0,1,Male
2,0,0,0,0,Male
1,0,0,0,0,Male
0,0,0,0,0,Female
4,0,0,0,1,Male
3,0,0,0,0,Male
4,0,1,0,0,Male
6,0,2,0,0,Male
4,0,0,0,0,Male
4,0,1,0,0,Male
4,0,1,0,0,Male
5,0,2,0,0,Male
0,0,0,0,0,Male
5,0,0,0,0,Male
4,0,1,0,0,Male
5,0,2,0,0,Male
5,0,0,0,1,Male
3,0,0,0,0,Male
2,0,0,0,0,Male
12,0,1,0,0,Female
0,0,0,0,0,Male
2,0,1,0,0,Male
5,0,1,0,0,Male
1,0,0,0,0,Male
2,0,0,0,0,Male
2,0,0,0,0,Male
1,0,0,0,0,Male
2,0,0,0,0,Male
2,0,0,0,0,Male
13,0,0,0,0,Male
5,0,0,0,0,Male
14,0,0,0,0,Male
4,0,0,0,0,Male
13,0,2,0,0,Male
7,0,0,0,0,Male
8,0,0,0,0,Male
11,0,0,0,0,Male
4,0,0,0,0,Male
9,0,0,0,0,Male
14,0,7,0,4,Male
5,0,0,0,0,Male
10,0,1,0,0,Male
14,0,0,0,0,Male
8,0,0,0,0,Male
13,0,0,0,0,Male
12,0,1,0,0,Male
12,0,1,0,0,Male
5,0,3,0,3,Male
3,0,0,0,0,Male
10,0,0,0,0,Male
13,0,1,0,0,Male
5,0,1,0,0,Male
3,0,0,0,0,Male
8,0,0,0,0,Male
3,0,0,0,0,Male
7,0,0,0,0,Male
5,0,0,0,0,Male
8,0,0,0,0,Male
3,0,0,0,0,Male
7,0,0,0,0,Male
18,0,0,0,0,Male
10,0,0,0,0,Male
15,0,1,0,0,Male
8,0,2,0,0,Male
4,0,0,0,0,Male
2,0,0,0,0,Male
3,0,0,0,0,Male
4,0,0,0,0,Male
5,0,0,0,0,Male
13,0,1,0,0,Male
4,0,0,0,0,Male
2,0,0,0,0,Male
9,0,1,0,0,Male
1,0,0,0,0,Male
3,0,0,0,0,Male
5,0,0,0,0,Male
6,0,0,0,0,Male
1,0,0,0,0,Male
6,0,0,0,0,Male
5,0,0,0,0,Male
7,0,1,0,0,Male
3,0,0,0,1,Male
7,0,0,0,0,Male
5,0,0,0,0,Male
6,0,1,0,0,Male
5,0,1,0,0,Male
4,0,1,0,0,Male
7,0,1,0,0,Male
7,0,0,0,0,Male
6,0,2,0,0,Male
7,0,0,0,0,Male
4,0,0,0,0,Male
6,0,0,0,0,Male
15,0,0,0,0,Male
9,0,0,0,0,Male
8,0,0,0,0,Male
10,0,1,0,0,Male
6,0,2,0,0,Male
6,0,0,0,0,Male
15,0,1,0,0,Male
7,0,1,0,0,Male
11,0,0,0,0,Male
8,0,3,0,0,Male
4,0,1,0,0,Male
6,0,0,0,0,Male
6,0,2,0,0,Male
12,0,2,0,0,Male
4,0,1,0,0,Male
10,0,1,0,0,Male
5,0,0,0,0,Male
8,0,1,0,0,Male
5,0,2,0,0,Male
8,0,0,0,0,Male
8,0,0,0,0,Male
15,0,1,0,0,Male
3,0,1,0,0,Male
7,0,0,0,0,Male
5,0,0,0,0,Male
8,0,0,0,0,Male
5,0,1,0,0,Male
2,0,0,0,0,Male
7,0,0,0,0,Male
8,0,1,0,0,Male
7,0,1,0,0,Male
10,0,4,0,2,Male
7,0,0,0,0,Male
11,0,0,0,0,Male
8,0,1,0,0,Male
8,0,1,0,0,Male
14,0,0,0,0,Male
4,0,0,0,0,Male
8,0,0,0,0,Male
3,0,0,0,0,Male
13,0,0,0,0,Male
7,0,0,0,0,Male
11,0,0,0,0,Male
4,0,0,0,0,Male
6,0,0,0,0,Male
8,0,1,0,0,Male
2,0,0,0,0,Male
8,0,0,0,0,Male
11,0,1,0,0,Male
9,0,0,0,0,Male
8,0,0,0,0,Male
2,0,0,0,0,Male
7,0,0,0,0,Male
11,0,0,0,0,Male
8,0,0,0,1,Male
2,0,0,0,0,Male
10,0,1,0,0,Male
5,0,0,0,0,Male
7,0,0,0,0,Male
7,0,0,0,0,Male
6,0,0,0,0,Male
5,0,1,0,0,Male
1,0,1,0,0,Male
13,0,0,0,0,Male
18,0,0,0,0,Male
8,0,1,0,0,Male
9,0,0,0,0,Male
5,0,0,0,0,Male
2,0,0,0,0,Male
9,0,0,0,0,Male
13,0,2,0,0,Male
0,0,0,0,0,Male
2,0,0,0,0,Male
4,0,1,0,0,Male
2,0,0,0,1,Male
2,0,0,0,0,Male
2,0,0,0,0,Male
0,0,0,0,0,Male
1,0,0,0,0,Male
2,0,0,0,0,Male
2,0,0,0,0,Male
5,0,0,0,0,Male
3,0,0,0,0,Male
2,0,0,0,0,Male
4,0,0,0,0,Male
6,0,2,0,0,Female
3,0,1,0,0,Female
3,0,1,0,0,Female
3,0,1,0,0,Female
3,0,1,0,0,Female
3,0,1,0,0,Female
3,0,1,0,0,Female
3,0,1,0,0,Female
3,0,1,0,0,Female
3,0,1,0,0,Female
3,0,1,0,0,Female
3,0,1,0,2,Female
4,0,0,0,0,Male
4,0,0,0,0,Male
5,0,1,0,0,Male
3,0,0,0,0,Male
6,0,0,0,0,Female
0,0,0,0,0,Male
3,0,0,0,0,Male
2,0,0,0,0,Male
2,0,0,0,0,Male
6,0,0,0,0,Male
5,0,0,0,0,Male
3,0,0,0,0,Male
4,0,1,0,0,Male
2,0,0,0,0,Male
3,0,1,0,0,Male
2,0,0,0,0,Male
2,0,0,0,0,Male
6,0,1,0,0,Male
6,0,1,0,0,Male
1,0,0,0,1,Male
3,0,1,0,0,Male
3,0,0,0,0,Male
9,0,3,0,0,Male
2,0,0,0,0,Male
5,0,1,0,0,Male
2,0,1,0,0,Male
5,0,1,0,0,Male
2,0,1,0,1,Male
5,0,1,0,0,Male
1,0,1,0,0,Male
3,0,1,0,0,Male
2,0,0,0,0,Male
2,0,0,0,0,Male
4,0,1,0,0,Male
2,0,0,0,0,Male
1,0,0,0,0,Male
3,0,0,0,0,Male
1,0,0,0,0,Male
2,0,0,0,0,Male
2,0,0,0,0,Male
2,0,0,0,0,Male
1,0,0,0,0,Male
2,0,1,0,1,Male
10,1,3,0,0,Male
1,0,0,0,0,Male
4,0,1,0,1,Male
3,0,0,0,1,Male
11,0,2,0,0,Male
3,0,0,0,0,Male
6,0,1,0,0,Male
9,0,3,0,1,Male
9,0,2,0,0,Male
15,0,2,0,0,Male
5,0,1,0,0,Male
11,0,2,0,0,Male
11,0,2,0,0,Male
10,0,2,0,1,Male
11,0,2,0,0,Male
11,0,2,0,0,Male
11,0,2,0,0,Male
11,0,2,0,0,Male
2,0,1,0,0,Male
0,0,0,0,0,Male
2,0,0,0,0,Male
2,0,0,0,0,Male
2,0,1,0,0,Male
2,0,0,0,0,Male
2,0,1,0,0,Male
5,0,0,0,0,Male
3,0,0,0,0,Male
3,0,0,0,0,Female
3,0,0,0,0,Female
4,0,2,0,0,Male
1,0,0,0,0,Male
5,0,1,0,0,Male
4,0,1,0,1,Male
4,0,1,0,1,Male
5,0,1,0,0,Male
5,0,1,0,0,Male
5,0,1,0,0,Male
5,0,1,0,0,Male
4,0,1,0,1,Male
5,0,1,0,0,Male
5,0,1,0,0,Male
4,1,1,0,0,Male
10,0,1,0,0,Male
5,0,1,0,0,Male
11,0,1,0,0,Male
11,0,1,0,0,Male
11,0,1,0,0,Male
11,0,1,0,0,Male
11,0,1,0,0,Male
11,0,1,0,0,Male
11,0,1,0,0,Male
11,0,1,0,0,Male
11,0,1,0,0,Male
11,0,1,0,0,Male
11,0,1,0,0,Male
11,0,1,0,0,Male
11,0,1,0,0,Male
11,0,1,0,0,Male
11,0,1,0,0,Male
11,0,1,0,0,Male
11,0,1,0,0,Male
3,0,0,0,0,Male
4,0,1,0,1,Male
0,0,0,0,0,Male
1,0,0,0,0,Male
3,0,0,0,0,Male
0,0,0,0,0,Male
9,0,1,0,0,Male
3,0,0,0,0,Male
3,0,1,0,0,Male
2,0,0,0,0,Male
2,0,0,0,0,Male
1,0,1,0,0,Male
4,0,1,0,0,Male
4,0,1,0,0,Male
5,0,1,0,0,Male
1,0,0,0,0,Male
3,0,1,0,0,Male
2,0,1,0,0,Male
3,0,2,0,0,Male
2,0,1,0,1,Male
4,0,1,0,1,Male
0,0,0,0,0,Male
1,0,1,0,0,Male
2,0,1,0,0,Male
2,0,1,0,0,Male
2,0,1,0,0,Male
3,0,1,0,0,Male
2,0,1,0,0,Male
4,0,1,0,0,Male
4,0,2,0,0,Male
4,0,1,0,0,Male
5,0,2,0,0,Male
5,0,2,0,0,Male
5,0,2,0,0,Male
2,0,0,0,0,Male
4,0,0,0,0,Male
20,0,8,0,6,Male
12,2,3,0,0,Male
3,0,1,0,0,Male
6,1,1,0,0,Male
8,0,2,0,0,Male
4,0,1,0,0,Male
5,1,2,0,0,Male
4,0,1,0,0,Male
2,0,0,0,0,Male
2,0,1,0,0,Female
2,0,0,0,0,Female
1,0,0,0,0,Female
2,0,1,0,0,Male
9,0,3,0,0,Male
4,0,2,0,0,Male
3,0,2,0,0,Male
7,0,3,0,0,Male
3,0,2,0,0,Male
5,0,1,0,0,Male
5,0,1,0,0,Male
5,0,0,0,0,Male
5,0,1,0,0,Male
5,0,1,0,0,Male
5,0,1,0,0,Male
5,0,1,0,0,Male
9,0,3,0,1,Male
9,0,3,0,1,Male
5,0,2,0,0,Male
2,0,0,0,0,Male
0,0,0,0,0,Male
2,0,0,0,0,Male
0,0,0,0,1,Male
4,0,3,0,1,Female
4,0,2,0,0,Female
2,0,0,0,0,Female
8,0,2,0,2,Male
3,0,0,0,0,Male
9,0,2,0,1,Male
5,0,3,0,0,Female
5,0,3,0,0,Male
2,0,1,0,1,Male
0,0,0,0,0,Male
1,0,0,0,0,Male
4,0,0,0,0,Male
2,0,0,0,0,Male
1,0,0,0,0,Male
3,0,0,0,0,Male
8,0,0,0,1,Male
2,0,1,0,0,Male
6,0,1,0,0,Male
7,0,1,0,0,Male
0,0,0,0,0,Male
8,0,3,0,0,Male
2,0,0,0,0,Male
6,0,2,0,0,Male
2,0,0,0,0,Male
10,0,3,0,0,Male
3,0,1,0,0,Male
1,0,0,0,1,Male
1,0,0,0,0,Male
2,0,0,0,0,Male
2,0,0,0,0,Male
1,0,0,0,1,Male
2,0,0,0,0,Male
1,0,0,0,0,Male
0,0,0,0,0,Male
3,0,0,0,0,Male
1,0,0,0,1,Male
3,0,0,0,0,Male
2,0,0,0,0,Male
0,0,0,0,0,Male
3,0,1,0,1,Male
3,0,2,0,0,Male
3,0,0,0,0,Male
3,0,0,0,0,Male
3,0,0,0,0,Male
5,0,1,0,0,Male
3,0,0,0,0,Male
4,0,0,0,0,Male
3,0,0,0,0,Male
1,0,0,0,0,Male
4,0,0,0,0,Male
3,0,2,0,0,Male
1,0,0,0,0,Male
2,0,0,0,1,Male
1,0,0,0,0,Male
4,0,0,0,0,Male
3,0,1,0,0,Male
6,0,0,0,0,Male
6,0,2,0,0,Male
10,0,1,0,0,Male
4,0,0,0,0,Male
7,0,1,0,0,Male
5,0,0,0,0,Male
9,0,2,0,0,Male
7,0,3,0,0,Male
13,0,2,0,0,Male
4,0,1,0,0,Female
9,0,1,0,1,Female
1,0,0,0,1,Male
4,0,0,0,1,Male
7,0,0,0,0,Male
2,0,0,0,0,Male
0,0,0,0,1,Male
2,0,0,0,0,Male
3,0,1,0,0,Male
1,0,1,0,0,Male
2,0,0,0,0,Male
1,0,0,0,0,Male
1,0,0,0,0,Male
6,0,2,0,0,Male
1,0,0,0,0,Male
3,0,0,0,0,Male
2,0,0,0,0,Male
7,0,2,0,0,Male
2,0,1,0,0,Male
2,0,0,0,0,Male
2,0,0,0,0,Male
6,0,2,0,0,Male
7,0,2,0,0,Male
3,0,1,0,0,Male
4,0,2,0,0,Male
7,0,3,0,0,Male
6,0,2,0,0,Male
2,0,0,0,0,Male
2,0,1,0,0,Male
2,0,0,0,0,Male
2,0,0,0,0,Male
1,0,0,0,0,Male
6,0,2,0,0,Male
8,0,2,0,0,Male
2,0,0,0,0,Male
2,0,1,0,0,Male
1,0,0,0,0,Male
4,0,0,0,0,Male
4,0,0,0,0,Male
4,0,0,0,0,Male
1,0,0,0,0,Male
3,0,1,0,1,Male
5,0,1,0,0,Male
4,0,0,0,0,Male
2,0,0,0,0,Male
8,0,1,0,0,Male
3,0,1,0,0,Male
5,0,2,0,0,Male
5,0,2,0,0,Male
3,0,1,0,0,Male
4,0,1,0,0,Male
8,0,2,0,0,Male
6,0,1,0,0,Male
5,0,0,0,0,Male
4,0,1,0,0,Male
2,0,0,0,0,Male
6,0,1,0,1,Male
1,0,0,0,0,Male
5,0,1,0,0,Male
7,0,1,0,0,Male
5,0,0,0,0,Male
6,0,1,0,0,Male
5,0,0,0,0,Male
5,0,0,0,0,Male
5,0,0,0,0,Male
4,0,0,0,0,Male
3,0,0,0,0,Male
2,0,0,0,1,Male
6,0,1,0,1,Male
4,0,0,0,0,Male
4,0,0,0,0,Male
4,0,1,0,0,Male
7,0,2,0,0,Male
4,0,2,0,0,Male
4,0,0,0,0,Male
6,0,2,0,0,Male
3,0,0,0,0,Male
6,0,2,0,2,Male
5,0,0,0,0,Male
4,0,0,0,0,Female
6,0,0,0,0,Male
1,0,0,0,0,Male
1,0,0,0,0,Male
0,0,0,0,0,Female
0,0,0,0,0,Female
0,0,0,0,0,Male
6,0,2,0,0,Male
7,0,2,0,0,Male
7,0,2,0,0,Male
6,0,2,0,0,Male
1,0,0,0,0,Male
2,0,1,0,0,Male
5,0,0,0,2,Female
0,0,0,0,0,Male
4,0,1,0,0,Female
3,0,0,0,0,Male
14,0,0,0,1,Male
2,0,0,0,0,Male
5,0,0,0,0,Male
2,0,0,0,0,Male
2,0,0,0,0,Male
2,0,0,0,0,Male
6,0,0,0,0,Male
10,0,0,0,0,Male
3,0,0,0,0,Male
9,1,1,0,0,Male
1,0,0,0,0,Female
8,0,2,0,0,Male
9,0,0,0,0,Male
8,0,0,0,0,Male
5,0,0,0,1,Male
1,0,1,0,0,Male
5,0,3,0,0,Male
1,0,0,0,1,Male
1,0,0,0,0,Male
18,0,7,0,7,Male
8,0,1,0,0,Male
9,0,0,0,1,Male
2,0,0,0,2,Male
6,0,0,0,1,Male
2,0,0,0,2,Male
4,0,0,0,0,Male
5,0,0,0,1,Male
6,0,0,0,0,Male
4,0,0,0,0,Male
6,1,0,0,0,Male
2,0,0,0,2,Male
4,0,0,0,1,Male
5,0,0,0,1,Male
5,0,1,0,1,Male
2,0,0,0,0,Male
2,0,0,0,0,Male
4,0,0,0,1,Male
4,0,0,0,0,Male
7,0,0,0,0,Male
3,0,1,0,0,Male
11,0,2,0,1,Male
3,0,0,0,0,Male
7,0,1,0,0,Male
5,0,0,0,1,Male
2,0,0,0,0,Female
1,0,0,0,0,Female
9,0,0,0,0,Male
9,0,0,0,0,Male
9,0,0,0,0,Male
9,0,0,0,0,Male
12,0,0,0,2,Male
9,0,1,0,0,Male
11,0,0,0,0,Male
11,0,0,0,1,Male
3,0,1,0,0,Male
3,0,1,0,0,Male
2,0,0,0,0,Male
2,0,0,0,0,Male
1,0,0,0,0,Male
1,0,0,0,0,Male
1,0,0,0,0,Male
1,0,0,0,0,Male
1,0,0,0,0,Male
1,0,0,0,0,Male
1,0,0,0,0,Male
2,0,0,0,0,Male
1,0,0,0,0,Male
3,0,0,0,0,Male
3,0,0,0,0,Male
2,0,0,0,0,Male
8,0,1,0,0,Male
4,0,1,0,1,Male
2,0,0,0,1,Male
2,0,0,0,1,Male
4,0,0,0,0,Male
5,0,0,0,0,Male
4,0,0,0,0,Male
0,0,0,0,0,Male
3,0,0,0,0,Male
8,0,0,0,0,Male
9,0,0,0,0,Male
5,0,0,0,0,Male
1,0,0,0,0,Male
1,0,0,0,0,Female
6,0,0,0,0,Male
6,0,0,0,0,Male
6,0,0,0,0,Male
3,0,0,0,1,Male
4,0,0,0,0,Male
3,0,0,0,0,Male
3,0,0,0,1,Male
1,0,0,0,0,Male
2,0,0,0,1,Female
3,0,0,0,0,Male
1,0,0,0,0,Male
2,0,0,0,0,Male
1,0,0,0,0,Female
2,0,0,0,1,Male
1,0,0,0,0,Male
1,0,0,0,0,Male
1,0,0,0,0,Male
1,0,0,0,0,Male
1,0,0,0,0,Male
1,0,0,0,0,Male
1,0,0,0,0,Male
1,0,0,0,0,Male
3,0,0,0,0,Male
3,0,0,0,0,Male
3,0,0,0,0,Male
1,0,0,0,0,Male
1,0,0,0,0,Male
1,0,0,0,0,Male
1,0,0,0,0,Male
1,0,0,0,0,Male
1,0,0,0,0,Male
1,0,0,0,0,Male
1,0,0,0,0,Male
3,0,0,0,0,Male
3,0,0,0,0,Male
3,0,0,0,0,Male
3,0,0,0,0,Male
3,0,0,0,0,Male
3,0,0,0,0,Male
2,0,0,0,0,Male
3,0,0,0,0,Male
3,0,0,0,0,Male
3,0,0,0,0,Male
3,0,0,0,0,Male
3,0,0,0,0,Male
3,0,0,0,0,Male
3,0,0,0,0,Male
3,0,0,0,0,Male
3,0,0,0,0,Male
0,0,0,0,1,Male
0,0,0,0,1,Male
1,0,0,0,2,Male
0,0,0,0,1,Male
0,0,0,0,1,Male
0,0,0,0,1,Male
0,0,0,0,1,Male
0,0,0,0,1,Male
0,0,0,0,1,Male
0,0,0,0,1,Male
0,0,0,0,1,Male
0,0,0,0,1,Male
1,0,0,0,1,Male
5,0,0,0,2,Male
6,0,0,0,1,Male
2,0,0,0,0,Male
2,0,0,0,0,Male
3,0,0,0,0,Male
4,0,2,0,1,Male
4,0,0,0,0,Male
5,0,2,0,0,Male
3,0,1,0,0,Male
4,0,1,0,0,Male
6,0,0,0,0,Male
5,0,0,0,0,Male
8,0,3,0,0,Male
7,0,1,0,0,Male
7,0,1,0,0,Male
7,0,1,0,0,Male
7,0,1,0,0,Male
9,0,0,0,0,Male
9,0,0,0,0,Male
9,0,0,0,0,Male
5,0,1,0,0,Male
9,0,2,0,0,Male
9,0,2,0,0,Male
9,0,2,0,0,Male
5,0,0,0,0,Male
6,0,0,0,0,Male
6,0,0,0,0,Male
2,0,0,0,0,Male
2,0,1,0,0,Male
2,0,1,0,0,Male
2,0,1,0,0,Male
2,0,1,0,0,Male
2,0,1,0,0,Male
2,0,1,0,0,Male
2,0,1,0,0,Male
2,0,0,0,1,Male
1,0,0,0,1,Male
2,0,1,0,0,Male
4,0,0,0,0,Male
4,0,0,0,0,Male
5,0,1,0,0,Male
2,0,0,0,0,Male
5,0,0,0,0,Male
2,0,0,0,1,Female
1,0,0,0,1,Male
4,0,0,0,0,Male
5,0,0,0,0,Male
1,0,0,0,0,Male
5,0,1,0,0,Male
1,0,0,0,0,Male
6,0,0,0,0,Male
5,0,0,0,0,Male
2,0,0,0,0,Male
4,0,0,0,0,Female
4,0,0,0,0,Female
5,0,1,0,1,Male
3,0,0,0,0,Male
7,0,1,0,0,Male
5,0,0,0,0,Male
2,0,0,0,0,Male
2,0,0,0,0,Female
3,0,0,0,0,Male
2,0,0,0,1,Male
2,0,0,0,1,Male
2,0,0,0,1,Male
2,0,0,0,1,Male
2,0,0,0,1,Male
0,0,0,0,0,Male
0,0,0,0,0,Male
0,0,0,0,0,Male
0,0,0,0,0,Male
1,0,0,0,1,Male
2,0,0,0,0,Male
1,0,0,0,0,Male
0,0,0,0,0,Male
2,0,0,0,0,Female
6,0,0,0,0,Female
8,0,4,0,0,Male
3,0,0,0,0,Male
8,0,4,0,0,Male
8,0,4,0,0,Male
5,0,1,0,0,Female
4,0,0,0,0,Male
1,0,0,0,0,Male
1,0,0,0,1,Male
0,0,0,0,0,Male
0,0,0,0,0,Male
0,0,0,0,0,Male
2,0,0,0,1,Male
5,0,0,0,0,Male
3,0,1,0,0,Male
4,0,1,0,0,Male
5,0,1,0,0,Male
3,0,0,0,0,Male
13,0,3,0,0,Male
3,0,0,0,0,Male
10,0,0,0,0,Male
1,0,0,0,0,Male
4,0,0,0,0,Male
4,0,0,0,0,Male
2,0,0,0,0,Male
2,0,1,0,0,Male
3,0,0,0,0,Male
2,0,0,0,0,Male
3,0,0,0,0,Female
3,0,0,0,0,Male
6,0,1,0,0,Male
4,0,0,0,0,Male
3,0,0,0,1,Male
2,0,1,0,0,Male
2,0,1,0,0,Male
2,0,1,0,0,Male
2,0,1,0,0,Male
2,0,1,0,0,Male
2,0,1,0,0,Male
2,0,1,0,0,Male
2,0,1,0,0,Male
2,0,1,0,0,Male
2,0,1,0,0,Male
2,0,1,0,0,Male
2,0,1,0,0,Male
2,0,1,0,0,Male
2,0,1,0,0,Male
2,0,1,0,0,Male
2,0,1,0,0,Male
2,0,1,0,0,Male
2,0,1,0,0,Male
2,0,1,0,0,Male
20,0,6,0,0,Male
13,0,4,0,1,Male
15,0,4,0,1,Male
4,0,0,0,0,Male
4,0,0,0,0,Male
4,0,0,0,0,Male
4,0,0,0,0,Male
4,0,0,0,0,Male
9,0,0,0,0,Male
10,0,0,0,0,Male
1,0,1,0,1,Female
1,0,1,0,1,Male
1,0,1,0,1,Female
1,0,1,0,1,Male
9,0,0,0,1,Male
2,0,0,0,0,Female
3,0,1,0,0,Male
1,0,0,0,0,Male
1,0,0,0,0,Male
19,0,3,0,1,Male
2,0,0,0,0,Male
4,0,1,0,0,Male
1,0,0,0,1,Male
1,0,0,0,0,Male
1,0,0,0,0,Male
2,0,0,0,0,Male
2,0,0,0,0,Male
6,0,3,0,1,Female
6,0,3,0,1,Male
6,0,2,0,2,Male
6,0,3,0,2,Male
9,0,3,0,2,Female
7,0,2,0,0,Male
5,0,2,0,1,Male
5,0,2,0,1,Male
8,0,2,0,0,Female
7,0,2,0,0,Male
10,0,3,0,0,Male
5,0,2,0,0,Male
6,0,2,0,0,Female
5,0,3,0,0,Male
7,0,3,0,2,Male
7,0,2,0,1,Female
7,0,2,0,0,Female
7,0,2,0,2,Male
7,0,2,0,0,Male
7,0,3,0,0,Male
7,0,3,0,0,Male
7,0,2,0,1,Male
7,0,2,0,0,Male
7,0,3,0,2,Male
7,0,2,0,0,Male
7,0,2,0,0,Female
6,0,2,0,0,Male
2,0,2,0,0,Male
6,0,2,0,0,Male
7,0,2,0,0,Male
5,0,2,0,0,Male
7,0,2,0,0,Male
6,0,3,0,2,Female
7,0,3,0,2,Male
5,0,3,0,0,Male
6,0,2,0,0,Male
5,0,2,0,0,Male
7,0,3,0,2,Male
6,0,2,0,0,Male
7,0,2,0,0,Male
7,0,2,0,0,Female
7,0,2,0,0,Male
7,0,2,0,0,Male
6,0,2,0,0,Male
7,0,2,0,0,Male
7,0,2,0,0,Male
6,0,3,0,2,Male
0,0,0,0,0,Male
2,0,0,0,0,Female
2,0,0,0,0,Male
6,0,1,0,1,Male
4,0,1,0,1,Male
9,0,1,0,0,Male
8,0,0,0,0,Male
3,0,0,0,0,Female
0,0,0,0,0,Female
1,0,0,0,0,Female
2,0,0,0,0,Female
6,0,2,0,0,Female
6,0,2,0,0,Male
5,0,2,0,0,Female
6,0,3,0,0,Female
5,0,3,0,0,Male
5,0,2,0,0,Male
7,0,2,0,0,Male
7,0,2,0,1,Female
6,0,2,0,1,Female
7,0,2,0,4,Female
5,0,2,0,0,Male
7,0,3,0,0,Female
7,0,3,0,0,Female
4,0,2,0,0,Male
5,0,2,0,1,Female
9,0,3,0,0,Male
4,0,0,0,0,Male
1,0,1,0,0,Male
2,0,0,0,0,Male
1,0,0,0,0,Male
3,0,1,0,0,Male
3,0,1,0,0,Male
5,0,0,0,0,Male
3,0,0,0,0,Male
8,0,4,0,0,Male
11,0,1,0,0,Male
8,0,0,0,0,Male
1,0,0,0,0,Male
3,0,0,0,0,Male
1,0,0,0,0,Male
1,0,0,0,0,Male
2,0,0,0,0,Male
1,0,0,0,0,Male
1,0,0,0,0,Male
3,0,1,0,0,Male
1,0,0,0,0,Male
2,0,0,0,0,Male
4,0,1,0,0,Male
2,0,0,0,0,Male
2,0,0,0,0,Male
1,0,0,0,0,Male
2,0,1,0,0,Male
2,0,0,0,0,Male
1,0,0,0,0,Male
3,0,0,0,0,Male
1,0,0,0,1,Male
2,0,0,0,0,Male
2,0,0,0,0,Female
1,0,0,0,0,Male
8,0,1,0,0,Male
1,0,0,0,0,Male
3,0,0,0,0,Female
7,0,4,0,1,Male
6,0,0,0,0,Male
1,0,0,0,0,Male
2,0,1,0,0,Male
3,0,0,0,0,Male
3,0,0,0,0,Male
5,0,2,0,0,Male
4,0,0,0,0,Male
2,0,0,0,0,Male
2,0,0,0,0,Male
1,0,0,0,0,Male
0,0,0,0,2,Male
5,0,1,0,0,Male
1,0,0,0,0,Male
1,0,0,0,0,Male
1,0,0,0,0,Male
4,0,0,0,0,Male
5,0,2,0,0,Male
4,0,2,0,0,Male
5,0,2,0,0,Male
5,0,2,0,0,Male
5,0,2,0,0,Male
5,0,2,0,0,Male
4,0,2,0,0,Male
4,0,2,0,0,Male
5,0,2,0,0,Male
2,0,0,0,0,Male
1,0,0,0,1,Male
2,0,0,0,0,Male
2,0,0,0,0,Male
2,0,0,0,0,Male
5,0,0,0,0,Male
3,0,0,0,0,Male
2,0,0,0,0,Male
3,0,0,0,0,Male
4,0,0,0,0,Male
3,0,0,0,0,Male
3,0,0,0,0,Male
3,0,0,0,0,Male
2,0,0,0,0,Male
2,0,0,0,0,Male
2,0,0,0,0,Male
2,0,0,0,0,Male
4,0,1,0,0,Male
2,0,0,0,0,Male
2,0,0,0,0,Male
1,0,0,0,0,Male
2,0,0,0,0,Male
2,0,0,0,0,Male
2,0,0,0,0,Male
2,0,0,0,1,Male
3,0,0,0,0,Male
2,0,0,0,0,Male
4,0,0,0,0,Male
1,0,0,0,0,Male
1,0,0,0,0,Male
2,0,0,0,0,Male
4,0,0,0,0,Male
2,0,1,0,0,Male
1,0,0,0,0,Male
2,0,1,0,0,Male
1,0,2,0,0,Male
1,0,0,0,0,Male
2,0,1,0,0,Male
4,0,2,0,0,Male
3,0,0,0,0,Male
3,0,0,0,0,Male
2,0,1,0,0,Male
1,0,1,0,0,Male
4,0,1,0,0,Male
4,0,2,0,0,Male
3,0,2,0,0,Male
2,0,0,0,0,Male
4,1,0,0,0,Female
2,0,0,0,1,Male
7,0,1,0,0,Male
7,0,1,0,0,Male
7,0,1,0,0,Male
7,0,1,0,0,Male
1,0,0,0,0,Male
2,0,0,0,1,Male
6,0,1,0,0,Male
3,0,0,0,0,Female
5,0,1,0,0,Female
5,0,1,0,0,Female
1,0,0,0,0,Female
2,0,0,0,0,Male
1,0,0,0,0,Male
1,0,0,0,0,Male
6,0,1,0,0,Female
5,0,1,0,0,Female
2,0,0,0,0,Male
3,0,0,0,0,Male
6,0,2,0,1,Male
2,0,0,0,0,Female
2,0,0,0,1,Female
2,0,0,0,0,Female
2,0,0,0,0,Female
5,0,0,0,0,Female
1,0,0,0,1,Male
1,0,0,0,0,Male
2,0,0,0,0,Male
2,0,0,0,0,Male
1,0,0,0,0,Male
4,0,1,0,0,Male
1,0,0,0,0,Male
2,0,0,0,0,Male
3,0,0,0,0,Male
3,0,0,0,0,Male
3,0,0,0,0,Male
2,0,1,0,0,Male
2,0,1,0,0,Male
2,0,1,0,0,Male
2,0,1,0,0,Male
2,0,1,0,0,Male
2,0,1,0,0,Male
2,0,1,0,0,Male
2,0,1,0,0,Male
2,0,1,0,0,Male
2,0,1,0,0,Male
2,0,1,0,0,Male
2,0,1,0,0,Male
2,0,1,0,0,Male
2,0,1,0,0,Male
3,0,1,0,0,Male
3,0,1,0,1,Male
3,0,1,0,0,Male
2,0,1,0,0,Male
3,0,1,0,0,Male
3,0,1,0,0,Male
2,0,1,0,0,Male
2,0,1,0,0,Male
3,0,1,0,0,Male
2,0,1,0,0,Male
3,0,1,0,0,Male
3,0,1,0,0,Male
3,0,1,0,1,Male
2,0,1,0,0,Male
3,0,1,0,0,Male
2,0,1,0,0,Male
2,0,1,0,0,Male
2,0,1,0,1,Male
2,0,1,0,1,Male
2,0,1,0,1,Male
2,0,1,0,1,Male
2,0,1,0,1,Male
2,0,1,0,1,Male
2,0,1,0,1,Male
2,0,1,0,0,Male
2,0,1,0,1,Male
2,0,1,0,1,Male
2,0,1,0,1,Male
2,0,1,0,1,Male
2,0,1,0,1,Male
2,0,1,0,1,Male
2,0,1,0,1,Male
2,0,1,0,0,Male
2,0,1,0,1,Male
2,0,1,0,1,Male
2,0,1,0,1,Male
2,0,1,0,1,Male
2,0,1,0,1,Male
2,0,1,0,1,Male
2,0,1,0,1,Male
2,0,1,0,1,Male
2,0,1,0,1,Male
2,0,1,0,1,Male
2,0,1,0,1,Male
2,0,1,0,0,Male
2,0,1,0,0,Male
2,0,1,0,0,Male
2,0,1,0,0,Male
2,0,1,0,0,Male
2,0,1,0,0,Male
2,0,1,0,1,Male
2,0,1,0,1,Male
2,0,1,0,1,Male
2,0,1,0,1,Male
2,0,1,0,1,Male
2,0,1,0,1,Male
2,0,1,0,1,Male
2,0,1,0,1,Male
2,0,1,0,1,Male
2,0,1,0,1,Male
2,0,1,0,1,Male
2,0,1,0,1,Male
2,0,1,0,1,Male
2,0,1,0,1,Male
2,0,1,0,1,Male
2,0,1,0,1,Male
2,0,1,0,1,Male
2,0,1,0,1,Male
2,0,1,0,1,Male
2,0,1,0,1,Male
2,0,1,0,1,Male
2,0,1,0,1,Male
2,0,1,0,1,Male
2,0,1,0,1,Male
2,0,1,0,1,Male
2,0,1,0,1,Male
0,0,0,0,0,Male
0,0,0,0,0,Male
0,0,0,0,0,Male
0,0,0,0,0,Male
0,0,0,0,0,Male
0,0,0,0,0,Male
0,0,0,0,0,Male
2,0,0,0,0,Male
2,0,0,0,0,Male
2,0,0,0,0,Male
2,0,0,0,0,Male
2,0,0,0,0,Male
2,0,0,0,0,Male
2,0,0,0,0,Male
2,0,0,0,0,Male
2,0,0,0,0,Male
2,0,0,0,0,Male
2,0,0,0,0,Male
2,0,0,0,0,Male
2,0,0,0,0,Male
3,0,1,0,1,Male
1,0,0,0,0,Male
2,0,1,0,0,Male
2,0,1,0,0,Male
2,0,1,0,0,Male
2,0,0,0,0,Male
4,0,0,0,0,Male
4,0,0,0,0,Male
2,0,1,0,0,Female
1,0,0,0,0,Female
1,0,0,0,0,Female
0,0,0,0,0,Female
1,0,0,0,0,Female
1,0,0,0,1,Female
1,0,0,0,0,Female
4,0,0,0,0,Male
8,0,3,0,0,Male
3,0,1,0,0,Female
2,0,1,0,0,Female
3,0,1,0,0,Female
3,0,1,0,1,Female
2,0,1,0,0,Male
2,0,0,0,0,Male
4,0,0,0,0,Male
6,0,0,0,0,Male
8,0,0,0,0,Male
4,0,0,0,0,Male
9,0,0,0,0,Male
4,0,0,0,0,Male
3,0,0,0,0,Male
4,0,0,0,0,Male
6,0,0,0,0,Male
0,0,0,0,0,Male
2,0,0,0,0,Female
1,0,0,0,0,Male
2,0,1,0,0,Male
1,0,0,0,0,Male
1,0,0,0,0,Male
3,0,0,0,0,Male
1,0,0,0,0,Male
1,0,1,0,0,Male
2,0,0,0,0,Male
1,0,0,0,0,Male
2,0,0,0,0,Male
1,0,0,0,0,Male
1,0,0,0,0,Male
2,0,0,0,0,Male
2,0,0,0,0,Male
1,0,0,0,1,Male
2,0,0,0,0,Male
0,0,1,0,0,Male
3,0,1,0,0,Male
3,0,0,0,0,Male
2,0,0,0,0,Male
3,1,0,0,0,Male
1,0,0,0,0,Male
3,1,1,0,0,Male
1,0,0,0,0,Male
2,0,0,0,0,Male
3,0,0,0,0,Male
2,0,0,0,0,Male
1,0,0,0,1,Male
1,0,0,0,1,Male
2,0,0,0,0,Male
0,0,0,0,1,Male
3,0,0,0,0,Male
1,0,0,0,0,Female
1,0,0,0,1,Male
0,0,0,0,1,Male
2,0,1,0,0,Female
2,0,1,0,0,Male
1,0,0,0,1,Female
2,0,0,0,0,Male
1,0,0,0,0,Male
2,0,0,0,0,Male
1,0,0,0,0,Male
2,0,0,0,0,Male
0,0,0,0,0,Male
1,0,0,0,1,Male
0,0,1,0,0,Male
1,0,0,0,0,Male
2,0,0,0,0,Male
1,0,0,0,0,Male
1,0,0,0,0,Male
2,0,0,0,1,Male
3,0,1,0,1,Male
2,0,0,0,0,Male
2,0,0,0,0,Male
4,0,1,0,0,Male
2,0,0,0,0,Male
2,0,0,0,0,Male
2,0,0,0,1,Male
3,0,0,0,1,Female
3,0,0,0,1,Male
3,0,0,0,1,Male
2,0,0,0,1,Male
3,0,0,0,1,Male
3,0,0,0,1,Male
3,0,0,0,1,Male
3,0,0,0,1,Female
3,0,0,0,1,Female
3,0,0,0,1,Male
2,0,0,0,2,Male
4,0,0,0,0,Male
8,0,1,0,1,Male
4,0,2,0,0,Male
1,0,0,0,1,Male
1,0,0,0,1,Female
3,0,0,0,0,Male
1,0,1,0,0,Male
1,0,0,0,0,Female
1,0,1,0,0,Female
1,0,0,0,0,Female
3,0,2,0,0,Female
1,0,0,0,0,Female
1,0,0,0,0,Female
1,0,0,0,0,Female
2,0,0,0,0,Female
1,0,0,0,0,Female
0,0,0,0,1,Female
2,0,0,0,0,Female
2,0,2,0,0,Female
2,0,0,0,0,Female
2,0,0,0,0,Female
2,0,0,0,0,Female
4,0,0,0,0,Male
1,0,0,0,0,Female
1,0,0,0,0,Female
2,0,0,0,0,Male
5,0,0,0,0,Male
2,0,0,0,0,Male
2,0,1,0,0,Male
1,0,0,0,0,Male
1,0,0,0,0,Male
1,0,0,0,0,Male
1,0,0,0,0,Male
2,0,0,0,0,Male
2,0,0,0,0,Male
1,0,0,0,0,Male
1,0,0,0,0,Male
1,0,0,0,0,Male
1,0,0,0,0,Male
4,0,0,0,1,Male
4,0,0,0,1,Male
5,0,0,0,1,Male
4,0,0,0,0,Male
3,0,0,0,0,Male
3,0,0,0,0,Male
3,0,0,0,0,Male
3,0,0,0,0,Male
3,0,0,0,0,Male
5,0,1,0,0,Male
3,0,0,0,0,Male
3,0,0,0,0,Male
4,0,0,0,0,Male
1,0,0,0,0,Male
10,0,0,0,0,Male
5,0,0,0,1,Male
2,0,1,0,0,Female
2,0,1,0,0,Female
2,0,1,0,0,Female
2,0,1,0,0,Female
2,0,1,0,0,Female
4,0,0,0,0,Male
0,0,0,0,0,Male
2,0,1,0,1,Female
4,0,3,0,1,Female
2,0,0,0,0,Female
3,0,1,0,0,Male
2,0,0,0,0,Male
2,0,0,0,0,Male
2,0,0,0,0,Male
2,0,1,0,0,Male
2,0,0,0,0,Male
1,0,0,0,0,Female
4,0,0,0,0,Female
1,0,0,0,0,Female
5,0,0,0,0,Male
6,0,0,0,0,Male
4,0,1,0,0,Male
2,0,0,0,0,Male
1,0,1,0,0,Male
3,0,0,0,0,Male
2,0,0,0,0,Male
3,0,0,0,0,Female
6,0,0,0,0,Male
1,0,0,0,0,Female
2,0,0,0,2,Male
3,1,0,0,0,Female
1,0,0,0,0,Female
2,0,1,0,0,Male
1,0,0,0,0,Male
1,0,0,0,0,Male
1,0,0,0,1,Female
4,0,0,0,0,Female
2,0,0,0,0,Male
0,0,1,0,0,Male
1,0,0,0,1,Male
2,0,0,0,0,Male
1,0,0,0,1,Male
2,0,1,0,0,Male
4,0,0,0,0,Female
5,0,1,0,0,Male
3,0,1,0,0,Male
0,0,1,0,0,Female
2,0,0,0,0,Male
2,0,0,0,0,Male
1,0,0,0,0,Male
2,0,1,0,0,Female
1,0,2,0,0,Male
1,0,0,0,0,Male
3,0,0,0,0,Male
2,0,1,0,0,Male
2,0,0,0,0,Male
1,0,0,0,0,Male
3,0,0,0,1,Male
5,0,0,0,1,Male
7,0,0,0,1,Male
10,0,1,0,1,Male
7,0,0,0,1,Male
9,0,0,0,2,Male
7,0,0,0,1,Male
8,0,0,0,1,Male
7,0,0,0,1,Male
7,0,0,0,2,Male
7,0,0,0,1,Male
8,0,2,0,2,Male
9,0,0,0,1,Male
7,0,3,0,0,Male
6,0,4,0,0,Male
2,0,0,0,0,Male
2,0,0,0,0,Male
3,0,0,0,0,Male
1,0,0,0,1,Male
1,0,1,0,0,Male
1,0,0,0,1,Male
2,0,0,0,0,Male
8,0,3,0,0,Male
3,0,2,0,1,Male
4,0,1,0,0,Male
2,0,0,0,0,Male
2,0,0,0,0,Male
2,0,1,0,0,Female
6,0,2,0,0,Male
1,0,0,0,0,Female
2,0,0,0,0,Male
1,0,0,0,0,Male
1,0,0,0,0,Male
1,0,0,0,0,Male
1,0,0,0,0,Male
1,0,0,0,0,Male
2,0,0,0,0,Male
1,0,0,0,0,Male
1,0,0,0,0,Female
2,0,0,0,0,Male
0,0,0,0,0,Male
2,0,1,0,0,Male
2,0,1,0,0,Male
2,0,1,0,0,Male
2,0,1,0,1,Male
2,0,1,0,0,Male
4,0,1,0,0,Male
4,0,1,0,0,Male
4,0,1,0,0,Male
4,0,1,0,0,Male
4,0,1,0,0,Male
4,0,1,0,0,Male
4,0,1,0,0,Male
3,0,0,0,0,Male
3,0,0,0,0,Male
3,0,0,0,0,Male
3,0,0,0,0,Male
3,0,0,0,0,Male
6,0,2,0,0,Male
3,0,0,0,0,Male
2,0,0,0,0,Male
4,0,0,0,0,Male
4,0,0,0,0,Male
1,0,0,0,0,Male
1,0,0,0,0,Male
1,0,0,0,0,Male
0,0,0,0,0,Male
10,0,2,0,0,Male
10,0,2,0,0,Male
8,0,2,0,0,Male
8,0,2,0,0,Male
8,0,2,0,0,Male
8,0,2,0,0,Male
8,0,2,0,0,Male
8,0,2,0,0,Male
8,0,2,0,0,Male
8,0,2,0,0,Male
1,0,0,0,0,Male
4,1,0,0,0,Female
2,0,0,0,0,Male
0,0,0,0,0,Male
2,0,1,0,0,Male
4,0,0,0,0,Male
3,0,0,0,0,Male
3,0,0,0,0,Male
3,0,0,0,0,Male
3,0,0,0,0,Female
3,0,0,0,0,Male
3,0,0,0,0,Male
3,0,0,0,0,Female
3,0,0,0,0,Male
3,0,0,0,0,Male
0,0,1,0,1,Male
0,0,1,0,1,Male
0,0,1,0,1,Male
0,0,1,0,1,Male
0,0,1,0,1,Male
0,0,1,0,1,Male
0,0,1,0,1,Male
1,0,0,0,0,Male
1,0,0,0,1,Male
8,0,1,0,2,Male
4,0,0,0,0,Male
14,0,1,0,0,Male
14,0,1,0,1,Male
16,0,1,0,0,Male
14,0,1,0,0,Male
16,0,1,0,0,Male
6,0,0,0,0,Male
6,0,0,0,0,Male
8,0,0,0,0,Male
5,0,0,0,0,Male
5,0,0,0,0,Male
5,0,0,0,0,Male
5,0,0,0,0,Male
5,0,0,0,0,Male
10,0,0,0,2,Male
8,0,0,0,0,Male
9,0,0,0,0,Male
7,0,0,0,0,Male
9,0,0,0,0,Male
8,0,0,0,0,Male
5,0,0,0,0,Male
11,0,3,0,0,Male
8,0,0,0,0,Male
8,0,0,0,0,Male
10,0,1,0,0,Male
16,0,1,0,0,Male
16,0,1,0,0,Male
5,0,0,0,0,Male
5,0,0,0,0,Male
6,0,0,0,0,Male
7,0,0,0,0,Male
6,0,0,0,0,Male
5,0,0,0,0,Male
5,0,0,0,0,Male
10,0,0,0,0,Male
9,0,0,0,0,Male
9,0,0,0,0,Male
9,0,0,0,1,Male
10,0,0,0,0,Male
6,0,1,0,0,Male
8,0,0,0,1,Male
6,0,0,0,0,Male
0,0,0,0,0,Male
0,0,0,0,0,Male
0,0,0,0,0,Male
0,0,0,0,0,Male
10,0,0,0,1,Male
8,0,2,0,0,Male
7,0,0,0,0,Male
12,0,0,0,0,Male
12,0,0,0,0,Male
5,0,0,0,0,Male
1,0,0,0,0,Male
1,0,0,0,0,Male
5,0,0,0,0,Male
2,0,0,0,0,Male
1,0,0,0,0,Male
1,0,0,0,0,Male
3,0,0,0,0,Male
2,0,0,0,0,Male
2,0,0,0,0,Male
9,0,1,0,0,Male
1,0,0,0,0,Male
3,0,0,0,0,Male
2,0,0,0,0,Male
6,0,0,0,0,Male
2,0,0,0,0,Male
8,0,1,0,0,Male
6,0,1,0,0,Male
6,0,1,0,0,Male
0,0,1,0,1,Male
0,0,1,0,1,Male
0,0,1,0,1,Male
0,0,1,0,1,Male
0,0,0,0,0,Male
0,0,1,0,1,Male
0,0,1,0,1,Male
0,0,1,0,1,Male
0,0,1,0,1,Male
0,0,1,0,1,Male
0,0,1,0,1,Male
4,0,1,0,0,Male
2,0,1,0,0,Male
3,0,1,0,0,Male
1,0,0,0,0,Male
3,0,2,0,0,Male
19,0,2,0,2,Male
16,0,2,0,0,Male
16,0,2,0,0,Male
20,0,3,0,0,Male
4,0,0,0,0,Male
5,0,1,0,0,Male
3,0,1,0,0,Male
0,0,0,0,0,Male
1,0,0,0,0,Male
16,0,2,0,0,Male
20,0,2,0,0,Male
20,0,2,0,0,Male
12,0,3,0,1,Female
10,0,1,0,0,Male
13,0,2,0,0,Male
0,0,0,0,1,Male
16,0,2,0,0,Male
4,0,1,0,0,Male
1,0,1,0,0,Male
11,0,1,0,0,Male
11,0,1,0,0,Male
11,0,1,0,0,Male
13,0,2,0,0,Male
3,0,1,0,0,Male
3,0,1,0,0,Male
16,0,5,0,0,Male
15,1,2,0,0,Male
3,0,1,0,0,Male
3,0,1,0,0,Male
2,0,1,0,0,Male
11,0,0,0,0,Male
20,0,2,0,0,Male
7,0,2,0,1,Male
18,0,2,0,0,Male
18,0,2,0,0,Male
18,0,2,0,0,Male
18,0,2,0,0,Male
18,0,2,0,0,Male
18,0,2,0,0,Male
1,0,0,0,0,Male
1,0,0,0,0,Male
2,0,0,0,0,Male
1,0,0,0,0,Male
2,0,1,0,0,Male
3,0,1,0,0,Male
3,0,1,0,0,Male
7,0,2,0,0,Male
3,0,1,0,0,Male
3,0,1,0,0,Male
3,0,1,0,0,Male
4,0,1,0,0,Male
3,0,1,0,0,Male
4,0,1,0,0,Male
2,0,1,0,0,Male
3,0,1,0,0,Male
5,0,1,0,0,Male
1,0,0,0,0,Male
1,0,0,0,0,Male
1,0,0,0,1,Male
6,0,1,0,0,Male
3,0,0,0,0,Male
3,0,0,0,0,Male
2,0,0,0,0,Male
2,0,0,0,0,Female
12,0,2,0,1,Male
5,0,1,0,0,Male
2,0,0,0,0,Female
1,0,0,0,0,Male
9,0,2,0,0,Female
2,0,0,0,1,Male
2,0,0,0,0,Male
2,0,0,0,0,Male
6,0,0,0,0,Male
6,0,0,0,0,Male
6,0,0,0,1,Male
6,0,0,0,0,Male
3,0,1,0,0,Male
1,0,0,0,1,Male
9,0,2,0,0,Male
5,0,0,0,0,Male
8,0,1,0,0,Female
6,0,0,0,0,Female
5,0,1,0,0,Male
6,0,0,0,0,Male
3,0,0,0,0,Female
1,0,0,0,0,Male
0,0,0,0,0,Female
8,0,1,0,0,Male
3,0,1,0,0,Male
5,0,0,0,0,Male
2,0,0,0,0,Male
10,0,1,0,0,Male
3,0,0,0,0,Female
3,0,0,0,0,Female
3,0,1,0,0,Male
10,0,2,0,0,Male
0,0,0,0,0,Male
3,0,0,0,0,Male
2,0,1,0,0,Male
3,0,1,0,0,Male
3,0,1,0,0,Male
4,0,1,0,0,Male
3,0,1,0,0,Male
4,0,1,0,0,Male
3,0,1,0,0,Male
5,0,0,0,0,Male
3,0,1,0,0,Male
1,0,0,0,1,Male
2,0,0,0,0,Male
2,0,0,0,0,Male
9,0,1,0,0,Female
2,0,0,0,0,Male
8,0,0,0,0,Male
2,0,0,0,0,Male
1,0,0,0,0,Male
4,0,0,0,1,Male
4,0,0,0,0,Male
6,0,0,0,0,Male
6,0,0,0,0,Male
6,0,0,0,0,Male
6,0,0,0,0,Male
6,0,0,0,0,Male
6,0,0,0,0,Male
7,0,0,0,1,Male
7,0,0,0,1,Male
7,0,0,0,1,Male
7,0,0,0,1,Male
9,0,1,0,0,Male
1,0,0,0,0,Male
4,0,1,0,1,Male
4,0,1,0,1,Male
6,0,1,0,0,Male
2,0,0,0,0,Male
2,0,0,0,0,Male
2,0,0,0,0,Male
2,0,0,0,0,Male
2,0,0,0,0,Male
2,0,0,0,0,Male
4,0,1,0,1,Male
1,0,0,0,0,Male
4,0,0,0,0,Female
4,0,0,0,0,Male
7,0,1,0,0,Male
2,0,0,0,0,Male
1,0,0,0,0,Male
0,0,1,0,0,Male
2,0,0,0,1,Female
1,0,0,0,0,Male
2,0,0,0,0,Male
2,0,0,0,1,Male
1,0,0,0,1,Male
1,0,0,0,1,Male
1,0,0,0,1,Male
1,0,0,0,0,Male
2,0,0,0,0,Male
2,0,0,0,0,Female
2,0,0,0,0,Male
6,0,1,0,0,Male
0,0,0,0,0,Male
1,0,0,0,3,Male
2,0,0,0,0,Male
1,0,0,0,0,Male
3,0,1,0,0,Male
4,0,1,0,1,Male
3,0,1,0,0,Male
5,0,1,0,0,Male
4,0,1,0,0,Male
4,0,1,0,0,Male
5,0,1,0,0,Male
10,0,3,0,0,Female
11,0,2,0,0,Female
3,0,1,0,0,Male
3,0,2,0,0,Male
2,0,1,0,0,Male
4,0,1,0,0,Male
3,0,1,0,0,Male
5,0,2,0,0,Male
3,0,1,0,0,Male
3,0,1,0,0,Male
2,0,1,0,0,Male
2,0,1,0,0,Male
2,0,1,0,0,Male
2,0,0,0,0,Female
0,0,0,0,0,Male
2,0,2,0,1,Male
3,0,1,0,0,Male
3,0,1,0,0,Male
4,0,1,0,0,Male
4,0,2,0,0,Male
3,0,1,0,0,Male
5,0,1,0,0,Male
4,0,1,0,0,Male
7,0,1,0,0,Male
4,0,1,0,0,Male
4,0,1,0,0,Male
3,0,1,0,0,Male
4,0,1,0,0,Male
3,0,1,0,0,Male
1,0,0,0,0,Male
3,0,3,0,1,Male
7,0,1,0,0,Male
2,0,2,0,0,Male
7,0,2,0,1,Male
4,0,1,0,0,Male
16,0,2,0,1,Male
3,0,1,0,0,Male
4,0,1,0,0,Male
4,0,1,0,0,Male
2,0,0,0,0,Female
3,0,1,0,0,Male
4,0,1,0,0,Male
5,0,1,0,0,Male
3,0,1,0,0,Male
3,0,1,0,0,Male
3,0,1,0,0,Male
4,0,1,0,0,Male
4,0,1,0,0,Male
3,0,1,0,0,Male
3,0,1,0,0,Male
3,0,1,0,0,Male
15,0,3,0,0,Male
3,0,1,0,0,Male
3,0,1,0,0,Male
0,0,0,0,1,Male
5,0,1,0,0,Male
3,0,1,0,0,Male
3,0,1,0,0,Male
3,0,1,0,0,Male
4,0,1,0,0,Male
4,0,1,0,0,Male
7,0,5,0,1,Male
4,0,1,0,1,Male
2,0,1,0,0,Male
4,0,1,0,0,Male
10,0,1,0,1,Male
2,0,1,0,0,Male
4,0,1,0,0,Male
3,0,1,0,0,Male
5,0,2,0,0,Male
3,0,1,0,0,Female
1,0,0,0,1,Female
5,0,1,0,0,Male
6,0,3,0,0,Male
3,0,0,0,1,Male
3,0,0,0,1,Male
5,0,1,0,0,Male
1,0,0,0,0,Male
3,0,1,0,0,Male
4,0,1,0,0,Male
11,0,1,0,0,Male
9,0,1,0,0,Male
2,0,1,0,0,Male
6,0,1,0,0,Male
5,0,2,0,0,Male
3,0,0,0,0,Male
1,0,0,0,0,Male
3,0,1,0,0,Male
4,0,2,0,0,Male
3,0,1,0,0,Male
7,0,2,0,0,Male
6,0,0,0,0,Male
2,0,0,0,0,Female
2,0,2,0,0,Male
2,0,2,0,0,Male
2,0,2,0,0,Male
2,0,2,0,0,Male
2,0,2,0,0,Male
2,0,2,0,0,Male
3,0,1,0,0,Male
9,0,2,0,0,Male
7,0,1,0,0,Male
12,0,2,0,0,Male
2,0,0,0,0,Male
7,0,1,0,0,Male
7,0,1,0,0,Male
7,0,2,0,0,Male
3,0,0,0,0,Male
1,0,0,0,1,Male
1,0,0,0,1,Male
1,0,0,0,1,Male
1,0,0,0,1,Male
1,0,0,0,1,Male
1,0,0,0,1,Male
1,0,0,0,1,Male
1,0,0,0,1,Male
1,0,0,0,1,Male
1,0,0,0,1,Male
1,0,0,0,1,Male
1,0,0,0,1,Male
1,0,0,0,1,Male
1,0,0,0,1,Male
1,0,0,0,1,Male
1,0,0,0,1,Male
1,0,0,0,1,Male
1,0,0,0,1,Male
1,0,0,0,1,Male
1,0,0,0,1,Male
1,0,0,0,1,Male
1,0,0,0,0,Female
1,0,0,0,0,Female
1,0,0,0,0,Female
1,0,0,0,0,Female
1,0,0,0,0,Female
2,0,1,0,0,Male
4,0,1,0,0,Male
3,0,0,0,0,Male
3,0,0,0,0,Male
2,0,0,0,0,Male
3,0,1,0,0,Female
2,0,0,0,0,Male
3,0,0,0,0,Male
10,0,2,0,0,Male
4,0,1,0,0,Male
1,0,0,0,0,Male
1,0,0,0,0,Male
1,0,0,0,0,Male
1,0,0,0,0,Male
2,0,0,0,0,Male
1,0,0,0,0,Male
2,0,0,0,0,Male
2,0,0,0,0,Male
2,0,0,0,0,Male
1,0,0,0,1,Male
3,0,1,0,0,Female
0,0,0,0,0,Male
2,0,0,0,0,Male
0,0,0,0,0,Male
0,0,0,0,0,Male
0,0,0,0,0,Male
0,0,0,0,0,Male
0,0,0,0,0,Male
0,0,0,0,0,Male
0,0,0,0,0,Male
0,0,0,0,0,Male
0,0,0,0,0,Male
0,0,0,0,0,Male
0,0,0,0,0,Male
0,0,0,0,0,Male
0,0,0,0,0,Male
0,0,0,0,0,Male
0,0,0,0,0,Male
0,0,0,0,0,Male
0,0,0,0,0,Male
0,0,0,0,0,Male
0,0,0,0,0,Male
0,0,0,0,0,Male
0,0,0,0,0,Male
0,0,0,0,0,Male
0,0,0,0,0,Male
0,0,0,0,0,Male
0,0,0,0,0,Male
0,0,0,0,0,Male
0,0,0,0,0,Male
0,0,0,0,0,Male
0,0,0,0,0,Male
0,0,0,0,0,Male
0,0,0,0,0,Male
0,0,0,0,0,Male
0,0,0,0,0,Male
0,0,0,0,0,Male
0,0,0,0,0,Male
0,0,0,0,0,Male
0,0,0,0,0,Male
0,0,0,0,0,Male
0,0,0,0,0,Male
11,0,0,0,0,Male
13,0,1,0,1,Male
9,0,1,0,0,Female
3,0,2,0,0,Female
3,0,1,0,0,Female
3,0,2,0,1,Female
3,0,1,0,0,Female
2,0,1,0,0,Female
4,0,2,0,0,Female
2,0,0,0,0,Female
3,0,2,0,2,Female
3,0,2,0,0,Female
1,0,1,0,0,Female
4,0,2,0,0,Female
3,0,0,0,0,Male
3,0,0,0,0,Male
3,0,0,0,0,Male
3,0,0,0,0,Male
3,0,0,0,0,Male
3,0,0,0,0,Male
3,0,0,0,0,Male
3,0,0,0,0,Male
3,0,0,0,0,Male
3,0,0,0,0,Male
3,0,0,0,0,Male
3,0,0,0,0,Male
3,0,0,0,0,Male
3,0,0,0,0,Male
3,0,0,0,0,Male
3,0,0,0,0,Male
3,0,0,0,0,Male
3,0,0,0,0,Male
3,0,0,0,0,Male
3,0,0,0,0,Male
3,0,0,0,0,Male
3,0,0,0,0,Male
3,0,0,0,0,Male
3,0,0,0,0,Male
3,0,0,0,0,Male
3,0,0,0,0,Female
3,0,0,0,0,Male
3,0,0,0,0,Male
3,0,0,0,0,Male
3,0,0,0,0,Male
3,0,0,0,0,Male
3,0,0,0,0,Female
3,0,0,0,1,Male
3,0,0,0,0,Male
3,0,0,0,0,Male
3,0,0,0,0,Male
3,0,0,0,0,Male
3,0,0,0,0,Male
3,0,0,0,0,Male
3,0,0,0,0,Male
3,0,0,0,0,Male
3,0,0,0,0,Male
3,0,0,0,0,Male
3,0,0,0,0,Male
3,0,0,0,0,Male
3,0,0,0,0,Male
3,0,0,0,0,Male
3,0,0,0,0,Male
3,0,0,0,0,Male
2,0,0,0,0,Female
2,0,0,0,0,Male
2,0,0,0,0,Male
2,0,0,0,0,Male
2,0,0,0,0,Male
2,0,0,0,0,Male
2,0,0,0,0,Male
5,0,2,0,1,Male
0,0,0,0,0,Male
1,0,0,0,0,Male
1,0,0,0,0,Male
0,0,0,0,0,Male
1,0,0,0,0,Female
1,0,0,0,0,Male
1,0,0,0,0,Male
0,0,0,0,0,Male
7,0,0,0,0,Female
3,0,0,0,0,Male
3,0,0,0,0,Male
3,0,0,0,0,Male
6,0,0,0,0,Male
2,0,0,0,0,Male
3,0,0,0,1,Male
2,0,0,0,1,Male
5,0,0,0,0,Female
5,0,0,0,0,Female
3,0,0,0,0,Female
3,0,0,0,0,Female
3,0,0,0,0,Female
3,0,0,0,0,Female
2,0,0,0,0,Female
2,0,1,0,0,Male
6,0,1,0,0,Male
3,0,1,0,0,Male
3,0,1,0,0,Male
3,0,1,0,0,Male
3,0,1,0,0,Male
3,0,1,0,0,Male
3,0,1,0,0,Male
3,0,1,0,0,Male
6,0,3,0,1,Male
7,0,0,0,0,Female
5,0,0,0,0,Female
5,0,0,0,0,Female
16,0,4,0,1,Female
16,0,4,0,1,Female
5,0,1,0,0,Male
11,0,1,0,0,Male
20,0,6,0,1,Male
7,0,0,0,0,Male
7,0,1,0,0,Male
3,0,0,0,0,Male
18,3,4,0,0,Male
11,0,3,0,0,Male
2,0,0,0,0,Male
3,0,0,0,0,Male
3,0,0,0,0,Male
5,0,0,0,0,Male
2,0,0,0,0,Male
5,0,1,0,0,Male
8,0,3,0,0,Male
7,0,3,0,0,Male
9,0,3,0,0,Male
10,0,3,0,0,Male
8,0,3,0,0,Male
7,0,4,0,0,Male
8,0,4,0,0,Male
3,0,1,0,0,Male
4,0,1,0,0,Male
3,0,0,0,0,Female
3,0,0,0,0,Female
3,0,0,0,0,Female
2,0,0,0,0,Female
2,0,0,0,0,Female
2,0,0,0,0,Female
3,0,2,0,1,Female
3,0,2,0,1,Female
6,0,2,0,0,Female
5,0,2,0,0,Female
4,0,2,0,0,Female
6,0,2,0,0,Female
7,0,2,0,0,Female
6,0,2,0,0,Female
4,0,3,0,0,Female
3,0,2,0,0,Female
3,0,2,0,0,Female
4,0,3,0,0,Female
3,0,3,0,0,Female
4,0,2,0,1,Female
3,0,3,0,0,Female
6,0,2,0,0,Female
6,0,2,0,0,Female
5,0,2,0,0,Female
4,0,2,0,0,Female
6,0,2,0,0,Female
7,0,2,0,0,Female
6,0,2,0,0,Female
4,0,3,0,0,Female
3,0,2,0,0,Female
3,0,2,0,0,Female
4,0,3,0,0,Female
3,0,3,0,0,Female
4,0,2,0,1,Female
3,0,3,0,0,Female
6,0,2,0,0,Female
1,0,0,0,0,Female
9,0,1,0,1,Female
7,0,0,0,0,Female
10,0,0,0,0,Female
10,0,1,0,0,Female
10,0,1,0,0,Female
7,0,0,0,0,Female
7,0,0,0,0,Female
7,0,0,0,0,Female
9,0,1,0,1,Female
1,0,0,0,1,Male
2,0,1,0,0,Male
2,0,1,0,0,Male
2,0,1,0,0,Male
2,0,1,0,0,Male
2,0,1,0,0,Male
2,0,1,0,0,Male
2,0,1,0,0,Male
2,0,1,0,0,Male
2,0,1,0,0,Male
2,0,1,0,0,Male
2,0,1,0,0,Male
2,0,1,0,0,Male
2,0,1,0,0,Male
2,0,1,0,0,Male
2,0,1,0,0,Male
2,0,1,0,0,Male
2,0,1,0,0,Male
2,0,1,0,0,Male
2,0,1,0,0,Male
2,0,1,0,0,Male
2,0,1,0,0,Male
2,0,1,0,0,Male
2,0,1,0,0,Male
2,0,1,0,0,Male
2,0,1,0,0,Male
0,0,0,0,0,Male
0,0,0,0,0,Male
0,0,0,0,0,Male
0,0,0,0,0,Male
0,0,0,0,0,Male
0,0,0,0,0,Male
0,0,0,0,0,Male
0,0,0,0,0,Male
0,0,0,0,0,Male
0,0,0,0,0,Male
5,0,1,0,0,Female
1,0,0,0,0,Male
1,0,0,0,0,Male
1,0,0,0,0,Male
1,0,0,0,0,Male
1,0,0,0,0,Male
1,0,0,0,0,Male
2,0,0,0,0,Male
1,0,0,0,0,Male
1,0,0,0,0,Male
5,0,1,0,0,Male
5,0,1,0,0,Male
3,0,0,0,0,Male
3,0,0,0,0,Male
3,0,0,0,0,Male
3,0,0,0,0,Male
3,0,0,0,0,Male
3,0,0,0,0,Male
3,0,0,0,0,Male
6,0,2,0,0,Male
4,0,1,0,0,Male
6,0,2,0,0,Male
4,0,1,0,0,Male
4,0,1,0,0,Male
6,0,2,0,0,Male
6,0,2,0,0,Male
6,0,2,0,0,Male
6,0,2,0,0,Male
4,0,1,0,0,Male
6,0,2,0,0,Male
6,0,2,0,0,Male
4,0,1,0,0,Male
4,0,1,0,0,Male
4,0,1,0,0,Male
4,0,1,0,0,Male
5,0,1,0,0,Male
5,0,1,0,0,Male
5,0,1,0,0,Male
5,0,1,0,0,Male
5,0,1,0,0,Male
5,0,1,0,0,Male
5,0,1,0,0,Male
11,0,3,0,0,Male
11,0,3,0,0,Male
11,0,3,0,0,Male
6,0,2,0,0,Male
6,0,2,0,0,Male
5,0,1,0,0,Male
5,0,1,0,0,Male
5,0,1,0,0,Male
5,0,1,0,0,Male
5,0,1,0,0,Male
5,0,1,0,0,Male
5,0,1,0,0,Male
5,0,1,0,0,Male
5,0,1,0,0,Male
2,0,0,0,0,Male
1,0,0,0,0,Male
2,0,0,0,0,Male
2,0,0,0,0,Male
1,0,0,0,0,Male
2,0,0,0,0,Male
3,0,1,0,0,Male
8,0,2,0,1,Female
4,0,0,0,0,Male
3,0,0,0,0,Male
1,0,0,0,0,Male
5,0,0,0,0,Male
4,0,0,0,0,Male
9,0,2,0,0,Male
2,0,0,0,0,Male
9,0,2,0,0,Male
6,0,1,0,0,Male
5,0,0,0,0,Male
3,0,1,0,0,Male
10,0,2,0,0,Male
3,0,1,0,0,Male
2,0,0,0,0,Male
1,0,0,0,0,Male
2,0,1,0,0,Male
2,0,0,0,0,Male
3,0,0,0,0,Male
1,0,0,0,0,Male
2,0,1,0,0,Male
3,0,1,0,0,Male
0,0,0,0,0,Male
3,0,0,0,0,Male
3,0,0,0,0,Male
2,0,0,0,0,Male
2,0,0,0,0,Male
3,0,0,0,0,Male
2,0,0,0,0,Male
3,0,0,0,0,Male
3,0,0,0,0,Male
4,0,0,0,0,Male
2,0,0,0,0,Male
3,0,1,0,0,Female
3,0,0,0,1,Female
3,0,0,0,1,Female
3,0,0,0,0,Female
4,0,0,0,0,Male
4,0,0,0,0,Male
8,0,1,0,0,Female
2,0,0,0,0,Male
9,0,0,0,0,Male
2,0,0,0,0,Male
1,0,0,0,0,Female
2,0,1,0,0,Female
2,0,1,0,0,Male
3,1,0,0,0,Male
3,1,0,0,0,Male
3,1,0,0,0,Male
3,1,0,0,0,Male
3,1,0,0,0,Male
4,1,1,0,0,Male
3,1,0,0,0,Male
2,0,0,0,0,Male
2,0,0,0,0,Male
1,0,0,0,0,Male
1,0,0,0,0,Male
2,0,0,0,0,Male
1,0,0,0,0,Male
6,0,0,0,0,Male
1,0,0,0,0,Male
1,0,0,0,0,Male
4,0,0,0,0,Female
2,0,1,0,0,Male
2,0,1,0,0,Male
3,0,0,0,0,Male
2,0,0,0,0,Male
1,0,0,0,0,Female
1,0,0,0,0,Male
2,0,0,0,0,Male
1,0,0,0,0,Male
2,0,1,0,0,Male
2,0,0,0,0,Male
3,0,0,0,0,Male
2,0,0,0,0,Male
1,0,0,0,0,Male
2,0,1,0,0,Male
1,0,0,0,0,Male
2,0,0,0,0,Male
1,0,0,0,0,Male
3,0,0,0,0,Male
3,0,0,0,0,Male
4,0,1,0,0,Male
2,0,1,0,0,Male
1,0,0,0,0,Male
2,0,1,0,0,Male
2,0,1,0,0,Male
1,0,0,0,1,Male
2,0,0,0,0,Male
6,0,1,0,0,Female
6,0,1,0,0,Female
6,0,1,0,0,Female
6,0,1,0,0,Female
6,0,1,0,0,Female
6,0,1,0,0,Female
6,0,1,0,0,Female
4,0,1,0,0,Male
5,0,1,0,0,Male
5,0,1,0,0,Male
5,0,1,0,0,Male
5,0,1,0,0,Male
10,0,2,0,0,Male
10,0,2,0,0,Male
10,0,2,0,0,Male
5,0,1,0,0,Male
5,0,1,0,0,Male
5,0,1,0,0,Male
5,0,1,0,0,Male
5,0,1,0,0,Male
5,0,1,0,0,Male
10,0,2,0,0,Male
10,0,2,0,0,Male
10,0,2,0,0,Male
10,0,2,0,0,Male
10,0,2,0,0,Male
5,0,1,0,0,Male
2,0,0,0,0,Female
2,0,0,0,0,Female
1,0,0,0,0,Male
1,0,0,0,0,Male
1,0,0,0,0,Male
13,0,0,0,1,Male
0,0,0,0,0,Male
1,0,0,0,0,Male
2,0,0,0,0,Male
2,0,0,0,0,Male
3,0,0,0,0,Male
3,0,0,0,0,Male
2,0,0,0,0,Male
1,0,0,0,1,Male
4,0,0,0,0,Male
1,0,0,0,0,Male
2,0,0,0,0,Male
1,0,0,0,0,Male
2,0,0,0,0,Male
2,0,0,0,0,Male
3,0,0,0,0,Male
2,0,0,0,0,Male
1,0,0,0,1,Male
2,0,0,0,1,Male
1,0,0,0,1,Male
2,0,0,0,0,Male
1,0,0,0,0,Male
2,0,0,0,0,Male
1,0,0,0,1,Male
2,0,0,0,0,Male
2,0,1,0,0,Male
2,0,0,0,0,Male
1,0,0,0,1,Male
2,0,0,0,0,Male
2,0,0,0,0,Male
3,0,0,0,0,Male
2,0,0,0,0,Male
2,0,0,0,0,Male
1,0,0,0,1,Male
2,0,0,0,0,Male
3,0,0,0,0,Male
2,0,0,0,0,Male
2,0,1,0,0,Male
2,0,0,0,0,Male
2,0,0,0,1,Male
3,0,0,0,0,Male
2,0,0,0,0,Male
2,0,0,0,0,Male
1,0,0,0,1,Male
1,0,0,0,1,Male
1,0,0,0,1,Male
1,0,0,0,1,Male
4,0,0,0,0,Male
3,0,0,0,0,Male
1,0,1,0,0,Female
4,0,1,0,0,Male
1,0,0,0,0,Male
1,0,0,0,0,Male
4,0,0,0,0,Male
4,0,0,0,0,Male
4,0,0,0,0,Male
4,0,0,0,0,Male
4,0,0,0,0,Male
4,0,0,0,0,Male
4,0,0,0,0,Male
4,0,0,0,0,Male
2,0,0,0,0,Male
2,0,0,0,0,Male
1,0,0,0,0,Male
2,0,0,0,0,Male
1,0,0,0,0,Male
1,0,0,0,0,Male
5,0,1,0,0,Male
1,0,0,0,0,Male
8,0,0,0,0,Male
2,0,1,0,0,Male
5,0,1,0,0,Male
2,0,0,0,0,Female
4,0,1,0,0,Male
5,0,1,0,1,Female
4,0,0,0,0,Male
4,0,0,0,0,Female
16,0,3,0,3,Male
4,0,0,0,0,Male
5,0,1,0,0,Male
7,1,0,0,0,Male
5,0,1,0,0,Male
1,0,0,0,0,Male
8,0,0,0,0,Female
1,0,0,0,0,Female
3,0,0,0,0,Female
1,0,0,0,0,Male
3,0,1,0,0,Female
5,1,1,0,0,Female
4,0,1,0,0,Female
1,0,0,0,0,Male
13,0,0,0,0,Male
13,0,0,0,0,Male
13,0,0,0,0,Male
13,0,0,0,0,Male
13,0,0,0,0,Male
14,0,0,0,0,Male
11,0,0,0,0,Male
11,0,0,0,0,Male
11,0,0,0,0,Male
11,0,0,0,0,Male
12,0,0,0,0,Male
12,0,0,0,0,Male
12,0,0,0,0,Male
12,0,0,0,0,Male
12,0,0,0,0,Male
13,0,0,0,0,Male
13,0,1,0,1,Male
13,0,1,0,1,Male
13,0,1,0,1,Male
11,0,0,0,1,Male
11,0,0,0,1,Male
11,0,0,0,1,Male
11,0,0,0,1,Male
11,0,0,0,1,Male
1,0,0,0,0,Female
4,0,1,0,0,Male
4,0,1,0,0,Male
4,0,1,0,0,Male
4,0,1,0,0,Male
5,0,1,0,1,Female
6,0,0,0,0,Male
7,0,1,0,0,Male
6,0,1,0,0,Male
5,0,0,0,0,Male
7,0,1,0,0,Male
3,0,0,0,0,Male
1,0,0,0,1,Male
5,0,1,0,0,Female
6,0,0,0,0,Male
9,0,3,0,0,Male
2,0,0,0,0,Female
3,0,1,0,0,Male
2,0,1,0,0,Male
2,0,0,0,0,Male
2,0,1,0,0,Male
2,0,0,0,0,Male
3,0,1,0,0,Female
1,0,0,0,0,Male
1,0,0,0,0,Male
7,0,0,0,0,Male
4,0,0,0,0,Male
5,0,0,0,0,Male
6,0,0,0,0,Male
6,0,0,0,0,Male
12,0,2,0,1,Male
4,0,0,0,0,Male
9,0,0,0,0,Male
10,0,0,0,0,Male
8,0,1,0,0,Male
10,0,1,0,0,Male
10,0,2,0,0,Male
10,0,2,0,1,Male
9,0,2,0,0,Male
11,0,2,0,0,Male
10,0,1,0,0,Male
9,0,1,0,0,Male
9,0,1,0,1,Male
9,0,1,0,0,Male
11,0,2,0,0,Male
10,0,1,0,0,Male
15,0,2,0,0,Male
2,0,1,0,0,Male
15,2,4,0,0,Male
4,0,0,0,0,Male
4,0,0,0,0,Male
3,0,0,0,0,Male
4,0,0,0,0,Male
4,0,0,0,0,Male
5,0,0,0,0,Male
4,0,0,0,0,Male
4,0,0,0,0,Male
4,0,0,0,0,Male
4,0,0,0,0,Male
4,0,0,0,0,Male
4,0,0,0,0,Male
9,0,1,0,0,Male
6,0,1,0,0,Male
3,0,0,0,0,Male
6,1,0,0,1,Male
17,0,4,0,0,Male
1,0,0,0,0,Female
1,0,0,0,0,Female
1,0,0,0,0,Female
1,0,0,0,0,Female
1,0,0,0,0,Female
1,0,0,0,0,Female
1,0,0,0,0,Female
1,0,0,0,0,Female
3,0,0,0,0,Male
3,0,0,0,0,Female
1,0,0,0,0,Male
2,0,0,0,0,Male
3,0,0,0,1,Male
1,0,0,0,0,Male
5,0,1,0,0,Male
3,0,0,0,0,Male
3,0,1,0,0,Male
2,0,1,0,0,Male
4,0,0,0,0,Female
3,0,0,0,0,Male
5,0,1,0,0,Male
3,0,0,0,0,Male
4,0,0,0,0,Male
5,0,2,0,0,Male
6,0,0,0,0,Male
11,0,0,0,0,Male
13,0,0,0,0,Male
1,0,0,0,1,Male
8,0,0,0,0,Male
4,0,0,0,0,Male
5,0,0,0,0,Male
5,0,0,0,0,Male
5,0,0,0,0,Male
3,0,0,0,0,Male
4,0,0,0,0,Male
8,0,1,0,4,Male
1,0,0,0,0,Male
1,0,0,0,1,Male
2,0,0,0,0,Male
11,1,0,0,0,Male
4,2,1,0,0,Male
5,1,0,0,0,Male
5,1,0,0,0,Male
11,1,0,0,0,Male
11,1,0,0,0,Male
11,1,0,0,0,Male
11,1,0,0,0,Male
11,1,0,0,0,Male
11,1,0,0,0,Male
11,1,0,0,0,Male
11,1,0,0,0,Male
11,1,0,0,0,Male
11,1,0,0,0,Male
11,1,0,0,0,Male
11,1,0,0,0,Male
0,0,0,0,0,Male
0,0,0,0,0,Male
0,0,0,0,0,Male
2,0,0,0,1,Male
2,0,0,0,0,Male
2,0,0,0,0,Male
3,0,0,0,1,Male
2,0,0,0,0,Male
2,0,0,0,0,Male
7,0,0,0,0,Male
0,0,0,0,0,Male
1,0,0,0,0,Male
0,0,0,0,0,Male
5,0,0,0,2,Male
5,0,0,0,2,Male
6,0,1,0,1,Male
6,0,1,0,1,Male
10,0,2,0,0,Male
6,0,1,0,0,Male
4,0,1,0,0,Male
2,0,1,0,0,Male
2,0,1,0,0,Male
2,0,1,0,0,Male
2,0,1,0,0,Male
6,0,0,0,0,Male
6,0,0,0,0,Male
6,0,0,0,0,Male
6,0,0,0,0,Male
1,0,0,0,0,Female
2,0,0,0,0,Male
2,0,0,0,0,Male
2,0,0,0,0,Male
2,0,0,0,0,Male
2,0,0,0,0,Male
2,0,0,0,0,Male
2,0,0,0,0,Male
2,0,0,0,0,Male
2,0,0,0,0,Male
2,0,0,0,0,Male
2,0,0,0,0,Male
2,0,0,0,0,Male
2,0,0,0,0,Male
2,0,0,0,0,Male
2,0,0,0,0,Male
2,0,0,0,0,Male
2,0,0,0,0,Male
2,0,0,0,0,Male
2,0,0,0,0,Male
0,0,0,0,0,Male
0,0,0,0,0,Male
0,0,0,0,0,Male
0,0,0,0,0,Male
0,0,0,0,0,Male
0,0,0,0,0,Male
0,0,0,0,0,Male
2,0,0,0,0,Male
2,0,0,0,0,Male
2,0,0,0,0,Male
2,0,0,0,0,Male
2,0,0,0,0,Male
2,0,0,0,0,Male
2,0,0,0,0,Male
2,0,0,0,0,Male
2,0,0,0,0,Male
2,0,0,0,0,Male
2,0,0,0,0,Male
2,0,0,0,0,Male
2,0,0,0,0,Male
2,0,0,0,0,Male
2,0,0,0,0,Male
2,0,0,0,0,Male
2,0,0,0,0,Male
2,0,0,0,0,Male
2,0,0,0,0,Male
2,0,0,0,0,Male
2,0,0,0,0,Male
2,0,0,0,0,Male
2,0,0,0,0,Male
2,0,0,0,0,Male
2,0,0,0,0,Male
2,0,0,0,0,Male
2,0,0,0,0,Male
2,0,0,0,0,Male
2,0,0,0,0,Male
2,0,0,0,0,Male
2,0,0,0,0,Male
2,0,0,0,0,Male
2,0,0,0,0,Male
2,0,0,0,0,Male
2,0,0,0,0,Male
2,0,0,0,0,Male
2,0,0,0,0,Male
2,0,0,0,0,Male
2,0,0,0,0,Male
2,0,0,0,0,Male
2,0,1,0,0,Male
2,0,1,0,0,Male
2,0,1,0,0,Male
2,0,1,0,0,Male
2,0,1,0,0,Male
2,0,1,0,0,Male
2,0,1,0,0,Male
2,0,1,0,0,Male
2,0,1,0,0,Male
2,0,1,0,0,Male
2,0,1,0,0,Male
2,0,1,0,0,Male
2,0,1,0,0,Male
2,0,1,0,0,Male
2,0,1,0,0,Male
4,0,3,0,0,Male
4,0,3,0,0,Male
4,0,3,0,0,Male
4,0,3,0,0,Male
4,0,3,0,0,Male
4,0,3,0,0,Male
4,0,3,0,0,Male
4,0,3,0,0,Male
4,0,3,0,0,Male
4,0,3,0,0,Male
4,0,3,0,0,Male
4,0,3,0,0,Male
4,0,3,0,0,Male
4,0,3,0,0,Male
4,0,3,0,0,Male
4,0,3,0,0,Male
4,0,3,0,0,Male
4,0,2,0,0,Male
4,0,2,0,0,Male
4,0,2,0,0,Male
4,0,2,0,0,Male
4,0,2,0,0,Male
4,0,2,0,0,Male
4,0,2,0,0,Male
4,0,2,0,0,Male
4,0,2,0,0,Male
4,0,2,0,0,Male
4,0,2,0,0,Male
2,0,0,0,0,Male
2,0,0,0,0,Male
2,0,0,0,0,Male
2,0,0,0,0,Male
2,0,0,0,0,Male
2,0,0,0,0,Male
2,0,0,0,0,Male
2,0,0,0,0,Male
2,0,0,0,0,Male
2,0,0,0,0,Male
2,0,0,0,0,Male
2,0,0,0,0,Male
2,0,0,0,0,Male
2,0,0,0,0,Male
2,0,0,0,0,Male
2,0,0,0,0,Male
2,0,0,0,0,Male
2,0,0,0,0,Male
2,0,0,0,0,Male
2,0,0,0,0,Male
2,0,0,0,0,Male
2,0,0,0,0,Male
2,0,0,0,0,Male
2,0,0,0,0,Male
2,0,0,0,0,Male
2,0,0,0,0,Male
2,0,0,0,0,Male
2,0,0,0,0,Male
2,0,0,0,0,Male
2,0,0,0,0,Male
2,0,0,0,0,Male
2,0,0,0,0,Male
2,0,0,0,0,Male
2,0,0,0,0,Male
2,0,0,0,0,Male
2,0,0,0,0,Male
2,0,0,0,0,Male
2,0,0,0,0,Male
2,0,0,0,0,Male
2,0,0,0,0,Male
2,0,0,0,0,Male
2,0,0,0,0,Male
2,0,0,0,0,Male
2,0,0,0,0,Male
2,0,0,0,0,Male
2,0,0,0,0,Male
2,0,0,0,0,Male
2,0,0,0,0,Male
2,0,0,0,0,Male
3,0,0,0,1,Male
3,0,0,0,1,Male
3,0,0,0,1,Male
3,0,0,0,1,Male
3,0,0,0,1,Male
3,0,0,0,1,Male
3,0,0,0,1,Male
2,0,1,0,0,Male
2,0,1,0,0,Male
2,0,1,0,0,Male
2,0,0,0,0,Male
2,0,0,0,0,Male
2,0,0,0,0,Male
2,0,0,0,0,Male
2,0,0,0,0,Male
2,0,1,0,0,Male
2,0,1,0,0,Male
2,0,1,0,0,Male
2,0,1,0,0,Male
2,0,1,0,0,Male
2,0,1,0,0,Male
2,0,1,0,0,Male
2,0,1,0,0,Male
2,0,1,0,0,Male
2,0,1,0,0,Male
2,0,1,0,0,Male
2,0,1,0,0,Male
2,0,0,0,0,Male
2,0,0,0,0,Male
2,0,0,0,0,Male
2,0,0,0,0,Male
2,0,0,0,0,Male
2,0,0,0,0,Male
2,0,0,0,0,Male
2,0,0,0,0,Male
1,0,0,0,0,Male
1,0,0,0,0,Male
1,0,0,0,0,Male
1,0,0,0,0,Male
1,0,0,0,0,Male
1,0,0,0,0,Male
1,0,0,0,0,Male
1,0,0,0,0,Male
1,0,0,0,0,Male
1,0,0,0,0,Male
1,0,0,0,0,Male
0,0,0,0,0,Male
0,0,0,0,0,Male
0,0,0,0,0,Male
0,0,0,0,0,Male
0,0,0,0,0,Male
0,0,0,0,0,Male
0,0,0,0,0,Male
0,0,0,0,0,Male
0,0,0,0,0,Male
0,0,0,0,0,Male
0,0,0,0,0,Male
0,0,0,0,0,Male
0,0,0,0,0,Male
0,0,0,0,0,Male
3,0,3,0,0,Male
3,0,3,0,0,Male
3,0,3,0,0,Male
3,0,3,0,0,Male
4,0,0,0,0,Male
3,0,0,0,0,Male
3,0,0,0,0,Male
3,0,0,0,0,Male
3,0,0,0,0,Male
1,0,0,0,0,Male
1,0,0,0,0,Male
1,0,0,0,0,Male
2,0,0,0,1,Male
2,0,0,0,1,Male
2,0,0,0,1,Male
2,0,0,0,1,Male
2,0,0,0,1,Male
2,0,0,0,1,Male
2,0,0,0,1,Male
2,0,0,0,1,Male
2,0,0,0,1,Male
2,0,0,0,1,Male
2,0,0,0,1,Male
2,0,0,0,1,Male
2,0,0,0,1,Male
2,0,0,0,1,Male
2,0,0,0,0,Male
0,0,0,0,0,Male
0,0,0,0,0,Male
0,0,0,0,0,Male
0,0,0,0,0,Male
0,0,0,0,0,Male
0,0,0,0,0,Male
0,0,0,0,0,Male
0,0,0,0,0,Male
0,0,0,0,0,Male
0,0,0,0,0,Male
0,0,0,0,0,Male
0,0,0,0,0,Male
0,0,0,0,0,Male
0,0,0,0,0,Male
0,0,0,0,0,Male
0,0,0,0,0,Male
0,0,0,0,0,Male
0,0,0,0,0,Male
0,0,0,0,0,Male
0,0,0,0,0,Male
0,0,0,0,0,Male
0,0,0,0,0,Male
0,0,0,0,0,Male
0,0,0,0,0,Male
2,0,0,0,0,Male
2,0,0,0,0,Male
2,0,0,0,0,Male
2,0,0,0,0,Male
2,0,0,0,0,Male
2,0,0,0,0,Male
2,0,0,0,0,Male
2,0,0,0,0,Male
2,0,0,0,0,Male
2,0,0,0,0,Male
2,0,0,0,0,Male
2,0,0,0,0,Male
2,0,0,0,0,Male
2,0,0,0,0,Male
2,0,0,0,0,Male
2,0,0,0,0,Male
2,0,0,0,0,Male
2,0,0,0,0,Male
2,0,0,0,0,Male
2,0,0,0,0,Male
2,0,0,0,0,Male
2,0,0,0,0,Male
2,0,0,0,0,Male
2,0,0,0,0,Male
2,0,0,0,0,Male
2,0,0,0,0,Male
2,0,0,0,0,Male
2,0,0,0,0,Male
2,0,0,0,0,Male
3,0,1,0,0,Male
3,0,1,0,0,Male
3,0,1,0,0,Male
3,0,1,0,0,Male
3,0,1,0,0,Male
3,0,1,0,0,Male
3,0,1,0,0,Male
3,0,1,0,0,Male
3,0,1,0,0,Male
4,0,3,0,0,Male
4,0,3,0,0,Male
4,0,3,0,0,Male
4,0,3,0,0,Male
4,0,3,0,0,Male
4,0,3,0,0,Male
4,0,3,0,0,Male
4,0,3,0,0,Male
4,0,3,0,0,Male
4,0,3,0,0,Male
4,0,3,0,0,Male
2,0,0,0,0,Male
2,0,0,0,0,Male
2,0,0,0,0,Male
2,0,0,0,0,Male
2,0,0,0,0,Male
2,0,0,0,0,Male
2,0,0,0,0,Male
2,0,0,0,0,Male
2,0,0,0,0,Male
2,0,0,0,0,Male
2,0,0,0,0,Male
3,0,1,0,0,Male
3,0,1,0,0,Male
3,0,1,0,0,Male
3,0,1,0,0,Male
3,0,1,0,0,Male
3,0,1,0,0,Male
3,0,1,0,0,Male
3,0,1,0,0,Male
3,0,1,0,0,Male
3,0,1,0,0,Male
3,0,1,0,0,Male
3,0,1,0,0,Male
3,0,1,0,0,Male
3,0,1,0,0,Male
3,0,1,0,0,Male
3,0,1,0,0,Male
3,0,1,0,0,Male
3,0,1,0,0,Male
3,0,1,0,0,Male
3,0,1,0,0,Male
3,0,1,0,0,Male
3,0,1,0,0,Male
3,0,1,0,0,Male
3,0,1,0,0,Male
3,0,1,0,0,Male
3,0,1,0,0,Male
3,0,1,0,0,Male
3,0,1,0,0,Male
4,0,2,0,0,Male
4,0,2,0,0,Male
4,0,2,0,0,Male
4,0,2,0,0,Male
4,0,2,0,0,Male
4,0,2,0,0,Male
4,0,2,0,0,Male
4,0,2,0,0,Male
4,0,2,0,0,Male
4,0,2,0,0,Male
4,0,2,0,0,Male
4,0,2,0,0,Male
4,0,2,0,0,Male
4,0,2,0,0,Male
4,0,2,0,0,Male
4,0,2,0,0,Male
2,0,1,0,0,Male
2,0,1,0,0,Male
2,0,1,0,0,Male
2,0,1,0,0,Male
2,0,1,0,0,Male
2,0,1,0,0,Male
2,0,1,0,0,Male
2,0,1,0,0,Male
2,0,1,0,0,Male
2,0,1,0,0,Male
2,0,1,0,0,Male
1,0,0,0,0,Male
1,0,0,0,0,Male
1,0,0,0,0,Male
1,0,0,0,0,Male
1,0,0,0,0,Male
1,0,0,0,0,Male
1,0,0,0,0,Male
1,0,0,0,0,Male
1,0,0,0,0,Male
1,0,0,0,0,Male
1,0,0,0,0,Male
1,0,0,0,0,Male
0,0,0,0,0,Male
0,0,0,0,0,Male
6,0,1,0,0,Male
6,0,1,0,0,Male
6,0,1,0,0,Male
6,0,1,0,0,Male
6,0,1,0,0,Male
6,0,1,0,0,Male
6,0,1,0,0,Male
0,0,0,0,0,Male
0,0,0,0,0,Male
0,0,0,0,0,Male
0,0,0,0,0,Male
0,0,0,0,0,Male
0,0,0,0,0,Male
0,0,0,0,0,Male
0,0,0,0,0,Male
0,0,0,0,0,Male
0,0,0,0,0,Male
0,0,0,0,0,Male
0,0,0,0,0,Male
0,0,0,0,0,Male
0,0,0,0,0,Male
0,0,0,0,0,Male
0,0,0,0,0,Male
0,0,0,0,0,Male
0,0,0,0,0,Male
0,0,0,0,0,Male
0,0,0,0,0,Male
0,0,0,0,0,Male
0,0,0,0,0,Male
0,0,0,0,0,Male
3,0,0,0,1,Male
3,0,0,0,1,Male
3,0,0,0,1,Male
3,0,0,0,1,Male
3,0,0,0,1,Male
3,0,0,0,1,Male
3,0,0,0,1,Male
3,0,0,0,1,Male
3,0,0,0,1,Male
3,0,0,0,1,Male
3,0,0,0,1,Male
3,0,0,0,1,Male
3,0,0,0,1,Male
3,0,0,0,1,Male
3,0,0,0,1,Male
3,0,0,0,1,Male
3,0,0,0,1,Male
3,0,0,0,1,Male
0,0,0,0,0,Male
2,0,0,0,0,Male
2,0,0,0,0,Male
0,0,0,0,0,Male
0,0,0,0,0,Male
0,0,0,0,0,Male
5,0,1,0,0,Male
5,0,1,0,0,Male
5,0,1,0,0,Male
5,0,1,0,0,Male
5,0,1,0,0,Male
5,0,1,0,0,Male
5,0,1,0,0,Male
5,0,1,0,0,Male
5,0,1,0,0,Male
5,0,1,0,0,Male
5,0,1,0,0,Male
5,0,1,0,0,Male
7,1,0,0,0,Male
7,1,0,0,0,Male
7,1,0,0,0,Male
7,1,0,0,0,Male
7,1,0,0,0,Male
4,1,1,0,0,Male
6,0,0,0,0,Male
6,0,0,0,0,Male
5,0,0,0,0,Male
4,0,0,0,0,Male
4,0,0,0,0,Male
4,0,0,0,0,Male
4,0,0,0,0,Male
4,0,0,0,0,Male
13,0,0,0,0,Male
4,0,0,0,0,Female
4,0,0,0,0,Female
4,0,0,0,0,Female
4,0,0,0,0,Female
4,0,0,0,0,Female
4,0,0,0,0,Female
4,0,0,0,0,Female
4,0,0,0,0,Female
4,0,0,0,0,Female
4,0,0,0,0,Female
4,0,0,0,0,Female
4,0,0,0,0,Female
4,0,0,0,0,Female
4,0,0,0,0,Female
4,0,0,0,0,Female
4,0,0,0,0,Female
4,0,0,0,0,Female
4,0,0,0,0,Female
4,0,0,0,0,Female
4,0,0,0,0,Female
4,0,0,0,0,Female
4,0,0,0,0,Female
4,0,0,0,0,Female
4,0,0,0,0,Female
4,0,0,0,0,Female
4,0,0,0,0,Female
4,0,0,0,0,Female
4,0,0,0,0,Female
4,0,0,0,0,Female
4,0,0,0,0,Female
4,0,0,0,0,Female
4,0,0,0,0,Female
4,0,0,0,0,Female
4,0,0,0,0,Female
4,0,0,0,0,Female
4,0,0,0,0,Female
4,0,0,0,0,Female
4,0,0,0,0,Female
4,0,0,0,0,Female
4,0,0,0,0,Female
4,0,0,0,0,Female
4,0,0,0,0,Female
4,0,0,0,0,Female
4,0,0,0,0,Female
4,0,0,0,0,Female
4,0,0,0,0,Female
4,0,0,0,0,Female
4,0,0,0,0,Female
4,0,0,0,0,Female
4,0,0,0,0,Female
4,0,0,0,0,Female
4,0,0,0,0,Female
4,0,0,0,0,Female
4,0,0,0,0,Female
4,0,0,0,0,Female
4,0,0,0,0,Female
4,0,0,0,0,Female
4,0,0,0,0,Female
4,0,0,0,0,Female
4,0,0,0,0,Female
4,0,0,0,0,Female
4,0,0,0,0,Female
4,0,0,0,0,Female
4,0,0,0,0,Female
4,0,0,0,0,Female
4,0,0,0,0,Female
4,0,0,0,0,Female
4,0,0,0,0,Female
4,0,0,0,0,Female
4,0,0,0,0,Female
4,0,0,0,0,Female
4,0,0,0,0,Female
4,0,0,0,0,Female
4,0,0,0,0,Female
4,0,0,0,0,Female
4,0,0,0,0,Female
4,0,0,0,0,Female
4,0,0,0,0,Female
4,0,0,0,0,Female
4,0,0,0,0,Female
4,0,0,0,0,Female
4,0,0,0,0,Female
4,0,0,0,0,Female
4,0,0,0,0,Female
4,0,0,0,0,Female
7,0,2,0,0,Male
5,0,1,0,0,Male
5,0,1,0,0,Male
5,0,0,0,0,Male
4,0,0,0,0,Male
6,0,0,0,0,Male
6,0,0,0,0,Male
4,0,0,0,0,Male
1,0,0,0,0,Female
6,0,0,0,0,Male
1,0,0,0,0,Male
4,0,0,0,0,Male
1,0,0,0,0,Female
10,0,1,0,0,Female
2,0,1,0,0,Male
4,0,0,0,0,Male
2,0,0,0,0,Male
2,0,0,0,0,Male
1,0,0,0,0,Male
4,0,0,0,0,Male
1,0,0,0,0,Male
6,0,0,0,0,Male
4,0,0,0,0,Male
3,0,1,0,0,Male
3,0,1,0,0,Male
3,0,1,0,0,Male
5,0,0,0,0,Male
3,0,0,0,0,Male
2,0,0,0,0,Male
10,0,1,0,0,Female
9,0,1,0,0,Female
10,0,1,0,0,Female
10,0,1,0,0,Female
2,0,0,0,0,Male
2,0,0,0,0,Female
2,0,1,0,0,Female
1,0,0,0,0,Female
2,0,1,0,1,Female
1,0,0,0,0,Female
2,0,0,0,0,Female
2,0,0,0,0,Female
1,0,0,0,0,Female
1,0,1,0,0,Female
2,0,0,0,0,Female
3,0,0,0,0,Female
3,0,1,0,0,Female
2,0,1,0,1,Female
0,0,0,0,0,Female
0,0,0,0,0,Female
1,0,0,0,0,Female
5,0,0,0,0,Female
2,0,0,0,0,Female
0,0,0,0,1,Female
3,0,0,0,0,Male
10,0,1,0,0,Female
10,0,1,0,0,Female
6,0,1,0,1,Male
6,0,1,0,3,Male
4,0,0,0,0,Male
4,0,0,0,0,Male
4,0,0,0,0,Male
4,0,0,0,0,Male
4,0,0,0,0,Male
6,0,0,0,0,Male
4,0,0,0,0,Male
6,0,0,0,0,Male
6,0,0,0,0,Male
1,0,0,0,0,Female
7,0,1,0,0,Male
7,0,0,0,0,Female
7,0,0,0,0,Female
7,0,0,0,0,Female
7,0,0,0,0,Female
7,0,0,0,0,Female
7,0,0,0,0,Female
7,0,0,0,0,Female
7,0,0,0,0,Female
7,0,0,0,0,Female
7,1,0,0,0,Female
7,1,0,0,0,Female
7,1,0,0,0,Female
7,1,0,0,0,Female
7,1,0,0,0,Female
7,1,0,0,0,Female
7,1,0,0,0,Female
7,1,0,0,0,Female
7,1,0,0,0,Female
7,1,0,0,0,Female
7,1,0,0,0,Female
7,1,0,0,0,Female
7,1,0,0,0,Female
7,1,0,0,0,Female
7,1,0,0,0,Female
7,1,0,0,0,Female
5,0,0,0,0,Female
5,0,0,0,0,Female
5,0,0,0,0,Female
5,0,0,0,0,Female
5,0,0,0,0,Female
5,0,0,0,0,Female
5,0,0,0,0,Female
5,0,0,0,0,Female
5,0,0,0,0,Female
5,0,0,0,0,Female
5,0,0,0,0,Female
5,0,0,0,0,Female
5,0,0,0,0,Female
5,0,0,0,0,Female
11,2,0,0,0,Female
11,2,0,0,0,Female
11,2,0,0,0,Female
8,2,1,0,0,Female
11,2,0,0,0,Female
11,2,0,0,0,Female
13,2,0,0,0,Female
11,2,0,0,0,Female
11,2,0,0,0,Female
11,2,0,0,0,Female
11,2,0,0,0,Female
11,2,0,0,0,Female
11,2,0,0,0,Female
11,2,0,0,0,Female
11,2,0,0,0,Female
11,2,0,0,0,Female
11,2,0,0,0,Female
11,2,0,0,0,Female
11,2,0,0,0,Female
11,2,0,0,0,Female
11,2,0,0,0,Female
9,3,0,0,0,Female
9,3,0,0,0,Female
9,3,0,0,0,Female
9,3,0,0,0,Female
9,3,0,0,0,Female
8,3,0,0,0,Female
8,3,0,0,0,Female
8,3,0,0,0,Female
8,3,0,0,0,Female
8,3,0,0,0,Female
8,3,0,0,0,Female
8,0,1,0,0,Female
8,0,1,0,0,Female
8,0,1,0,0,Female
8,0,1,0,0,Female
8,0,1,0,0,Female
8,0,1,0,0,Female
8,0,1,0,0,Female
8,0,1,0,0,Female
5,0,1,0,0,Female
5,0,1,0,0,Female
7,0,1,0,0,Female
5,0,1,0,0,Female
5,0,1,0,0,Female
5,0,1,0,0,Female
5,0,1,0,0,Female
5,0,1,0,0,Female
5,0,1,0,0,Female
5,0,1,0,0,Female
5,0,1,0,0,Female
5,0,1,0,0,Female
7,0,0,0,0,Female
7,0,0,0,0,Female
7,0,0,0,0,Female
7,0,0,0,0,Female
7,0,0,0,0,Female
7,0,0,0,0,Female
7,0,0,0,0,Female
7,0,0,0,0,Female
7,0,0,0,0,Female
7,0,0,0,0,Female
7,0,0,0,0,Female
7,0,0,0,0,Female
7,0,0,0,0,Female
7,0,0,0,0,Female
6,0,0,0,0,Female
8,0,0,0,0,Female
6,0,0,0,0,Female
6,0,0,0,0,Female
7,0,1,0,1,Female
6,0,0,0,0,Female
6,0,0,0,0,Female
6,0,0,0,0,Female
7,0,1,0,1,Female
5,1,1,0,0,Female
5,1,1,0,0,Female
5,1,1,0,0,Female
5,1,1,0,0,Female
6,0,0,0,0,Female
6,0,0,0,0,Female
6,0,0,0,0,Female
6,0,0,0,0,Female
6,0,0,0,0,Female
6,0,0,0,0,Female
6,0,0,0,0,Female
6,0,0,0,0,Female
6,0,0,0,0,Female
6,0,0,0,0,Female
5,2,0,0,0,Female
5,2,0,0,0,Female
5,2,0,0,0,Female
5,2,0,0,0,Female
5,2,0,0,0,Female
8,0,0,0,0,Female
8,0,0,0,0,Female
8,0,0,0,0,Female
8,0,0,0,0,Female
8,0,0,0,0,Female
8,0,0,0,0,Female
8,0,0,0,0,Female
8,0,0,0,0,Female
7,0,0,0,0,Female
7,0,0,0,0,Female
7,0,0,0,0,Female
7,0,0,0,0,Female
7,0,0,0,0,Female
7,0,0,0,0,Female
11,2,1,0,0,Female
9,2,1,0,0,Female
6,0,0,0,0,Male
6,0,0,0,0,Male
6,0,0,0,0,Male
6,0,0,0,0,Male
6,0,0,0,0,Male
6,0,0,0,0,Male
6,0,0,0,0,Male
6,0,0,0,0,Male
12,0,0,0,2,Male
12,0,0,0,2,Male
12,0,0,0,1,Male
12,0,0,0,1,Male
12,0,0,0,1,Male
12,0,0,0,1,Male
5,0,0,0,0,Male
6,0,0,0,0,Male
10,0,1,0,0,Female
2,0,0,0,0,Male
5,0,1,0,0,Male
4,0,0,0,0,Male
2,0,0,0,0,Male
6,0,1,0,0,Male
6,0,1,0,0,Male
3,0,1,0,0,Male
12,0,1,0,0,Male
3,0,0,0,0,Male
10,0,0,0,0,Male
5,0,1,0,0,Male
4,0,1,0,0,Male
7,0,2,0,0,Male
2,0,0,0,0,Male
4,0,0,0,0,Male
5,0,1,0,1,Male
4,0,0,0,0,Male
5,0,2,0,0,Male
4,0,0,0,1,Male
2,0,0,0,0,Female
3,0,0,0,0,Female
4,0,0,0,0,Male
2,0,0,0,0,Male
5,0,0,0,0,Male
6,0,1,0,0,Male
0,0,0,0,1,Male
6,0,0,0,0,Male
1,0,1,0,0,Female
2,0,0,0,0,Male
3,0,0,0,1,Female
3,0,0,0,0,Male
1,0,0,0,0,Male
7,0,0,0,0,Male
2,0,1,0,1,Male
2,0,1,0,0,Male
2,0,0,0,0,Male
7,0,1,0,0,Male
7,0,1,0,0,Male
7,0,1,0,0,Male
7,0,1,0,0,Male
7,0,1,0,0,Male
7,0,1,0,0,Male
7,0,1,0,0,Male
7,0,1,0,0,Male
7,0,1,0,0,Male
7,0,1,0,0,Male
7,0,1,0,0,Male
7,0,1,0,0,Male
7,0,1,0,0,Male
7,0,1,0,0,Male
7,0,1,0,0,Male
7,0,1,0,0,Male
7,0,1,0,0,Male
7,0,1,0,0,Male
7,0,1,0,0,Male
7,0,1,0,0,Male
7,0,1,0,0,Male
7,0,1,0,0,Male
7,0,1,0,0,Male
7,0,1,0,0,Male
7,0,1,0,0,Male
7,0,1,0,0,Male
7,0,1,0,0,Male
7,0,1,0,0,Male
7,0,1,0,0,Male
7,0,1,0,0,Male
7,0,1,0,0,Male
7,0,1,0,0,Male
7,0,1,0,0,Male
7,0,1,0,0,Male
7,0,1,0,0,Male
7,0,1,0,0,Male
7,0,1,0,0,Male
7,0,1,0,0,Male
7,0,1,0,0,Male
7,0,1,0,0,Male
7,0,1,0,0,Male
7,0,1,0,0,Male
7,0,1,0,0,Male
7,0,1,0,0,Male
7,0,1,0,0,Male
7,0,1,0,0,Male
7,0,1,0,0,Male
7,0,1,0,0,Male
7,0,1,0,0,Male
7,0,1,0,0,Male
7,0,1,0,0,Male
7,0,1,0,0,Male
7,0,1,0,0,Male
7,0,1,0,0,Male
7,0,1,0,0,Male
7,0,1,0,0,Male
7,0,1,0,0,Male
7,0,1,0,0,Male
7,0,1,0,0,Male
4,0,1,0,1,Female
2,0,1,0,0,Female
1,0,1,0,0,Male
2,0,0,0,0,Male
1,0,0,0,0,Female
1,0,0,0,0,Female
2,0,0,0,0,Male
4,0,1,0,0,Male
2,0,1,0,0,Male
7,0,4,0,0,Male
7,0,0,0,2,Male
1,0,0,0,0,Male
4,0,1,0,0,Male
4,0,1,0,0,Male
3,0,1,0,1,Male
9,0,2,0,0,Male
1,0,0,0,0,Male
2,0,0,0,0,Female
9,0,0,0,0,Male
9,0,0,0,0,Male
6,1,0,0,0,Male
6,1,0,0,0,Male
6,0,0,0,0,Male
9,0,0,0,0,Male
2,0,0,0,0,Female
4,0,1,0,1,Female
2,0,0,0,1,Female
2,0,0,0,1,Female
2,0,0,0,1,Female
1,0,0,0,1,Female
6,0,1,0,0,Male
7,0,2,0,0,Male
4,0,1,0,0,Male
8,0,2,0,0,Male
5,0,2,0,0,Male
6,0,2,0,0,Male
5,0,1,0,0,Male
5,0,1,0,0,Male
9,0,3,0,0,Male
5,0,1,0,0,Male
6,0,2,0,1,Male
6,0,2,0,0,Male
7,0,3,0,0,Male
6,0,1,0,0,Male
7,0,1,0,0,Male
7,0,2,0,0,Male
6,0,1,0,0,Male
7,0,1,0,0,Male
5,0,1,0,0,Male
5,0,1,0,0,Male
4,0,1,0,1,Male
4,0,1,0,1,Male
5,0,2,0,0,Male
4,0,1,0,0,Male
6,0,1,0,1,Male
9,0,1,0,0,Male
4,0,1,0,0,Male
7,0,1,0,0,Male
5,0,2,0,0,Male
9,0,1,0,0,Male
8,0,1,0,0,Male
8,0,1,0,0,Male
9,0,2,0,1,Male
7,0,2,0,1,Male
7,0,1,0,0,Male
5,0,1,0,0,Male
6,0,1,0,0,Male
5,0,1,0,0,Male
7,0,1,0,0,Male
5,0,2,0,0,Male
5,0,1,0,0,Male
4,0,0,0,0,Female
5,0,3,0,0,Male
5,1,1,0,0,Female
7,0,0,0,0,Female
7,0,0,0,0,Female
7,0,0,0,0,Female
7,0,0,0,0,Female
7,0,0,0,0,Female
7,0,0,0,0,Female
7,0,0,0,0,Female
20,0,2,0,0,Female
9,0,0,0,0,Female
9,0,0,0,0,Female
9,0,0,0,0,Female
10,0,0,0,0,Female
8,0,0,0,0,Female
8,0,0,0,0,Female
3,0,0,0,0,Male
1,0,0,0,0,Female
4,0,0,0,0,Male
3,0,0,0,0,Male
1,0,0,0,0,Male
1,0,0,0,0,Male
3,0,0,0,0,Male
4,0,0,0,0,Male
9,0,0,0,0,Male
9,0,0,0,0,Male
9,0,0,0,0,Male
9,0,0,0,0,Male
9,0,0,0,0,Male
3,0,0,0,0,Male
3,0,1,0,0,Female
8,1,1,0,0,Male
5,0,0,0,0,Male
7,0,0,0,0,Male
5,0,0,0,0,Male
1,0,0,0,0,Female
5,0,0,0,0,Female
5,1,1,0,0,Female
7,0,0,0,0,Female
8,0,1,0,0,Female
6,0,0,0,0,Female
6,0,0,0,0,Male
9,0,0,0,0,Male
6,1,0,0,0,Male
11,2,0,0,0,Female
5,0,1,0,0,Female
8,3,0,0,0,Female
6,0,0,0,0,Male
5,2,0,0,0,Female
7,0,0,0,0,Female
8,0,0,0,0,Female
7,0,0,0,0,Female
7,0,0,0,0,Female
11,2,0,0,0,Female
5,0,1,0,0,Female
7,1,0,0,0,Female
6,0,0,0,0,Female
8,3,0,0,0,Female
5,0,0,0,0,Female
7,0,0,0,0,Female
7,1,0,0,0,Female
6,0,0,0,0,Female
1,0,0,0,1,Female
2,0,0,0,0,Male
2,0,0,0,0,Male
3,0,0,0,0,Male
10,0,0,0,1,Female
10,0,0,0,1,Female
10,0,0,0,1,Female
10,0,0,0,1,Female
5,0,0,0,0,Male
3,0,0,0,1,Male
3,0,0,0,1,Male
3,0,0,0,1,Male
3,0,0,0,1,Male
3,0,0,0,1,Male
3,0,0,0,0,Male
3,0,0,0,0,Male
3,0,0,0,0,Male
3,0,0,0,0,Male
3,0,0,0,0,Male
4,0,0,0,0,Male
4,0,0,0,0,Male
4,0,0,0,0,Male
4,0,0,0,0,Male
4,0,0,0,0,Male
3,0,0,0,1,Male
4,0,0,0,0,Male
3,0,0,0,0,Male
10,0,2,0,1,Male
10,0,2,0,1,Male
10,0,2,0,1,Male
7,0,2,0,0,Male
10,0,2,0,1,Male
5,0,2,0,0,Male
5,0,1,0,0,Male
4,0,0,0,1,Male
5,0,1,0,0,Male
3,0,1,0,1,Female
6,0,2,0,0,Female
5,0,1,0,0,Male
3,0,1,0,2,Male
6,0,1,0,0,Male
6,0,1,0,0,Female
6,0,1,0,0,Female
6,0,1,0,0,Female
6,0,1,0,0,Female
1,0,0,0,0,Male
6,0,1,0,0,Male
6,0,1,0,1,Male
3,0,0,0,1,Male
3,0,0,0,1,Male
7,0,1,0,0,Male
8,0,2,0,0,Male
6,0,1,0,0,Male
5,1,0,0,0,Male
7,1,0,0,0,Male
5,0,0,0,0,Male
5,0,0,0,0,Male
4,0,0,0,0,Male
5,0,1,0,1,Male
5,0,1,0,0,Male
7,0,1,0,0,Female
4,0,1,0,1,Female
4,0,1,0,1,Female
8,0,3,0,0,Female
7,0,1,0,0,Female
5,0,1,0,0,Female
4,0,1,0,1,Female
5,0,1,0,0,Female
5,0,1,0,0,Female
7,0,2,0,0,Female
6,0,2,0,0,Female
4,0,1,0,0,Male
7,0,2,0,0,Male
5,0,1,0,0,Female
5,0,1,0,0,Male
4,0,1,0,1,Male
3,0,1,0,2,Male
6,0,2,0,0,Male
3,0,1,0,1,Female
3,0,1,0,0,Male
2,0,1,0,0,Male
2,0,1,0,1,Male
3,0,1,0,0,Male
2,0,1,0,0,Male
3,0,1,0,0,Male
3,0,1,0,0,Male
3,0,1,0,2,Male
4,0,1,0,1,Female
2,0,0,0,0,Male
5,0,0,0,0,Male
3,0,0,0,0,Male
2,0,1,0,0,Male
14,0,4,0,0,Male
3,0,0,0,0,Male
10,0,2,0,1,Male
3,0,0,0,0,Male
7,1,0,0,0,Male
2,0,1,0,0,Male
1,0,0,0,0,Male
1,0,0,0,0,Male
1,0,1,0,0,Male
3,0,1,0,0,Female
2,0,0,0,0,Male
3,0,1,0,0,Male
4,0,0,0,0,Male
3,0,0,0,0,Male
2,0,1,0,0,Male
3,0,0,0,0,Male
3,0,0,0,1,Male
2,0,0,0,0,Male
2,0,1,0,0,Male
2,0,0,0,0,Male
2,0,1,0,0,Male
2,0,0,0,0,Male
2,0,1,0,0,Male
1,0,0,0,0,Male
1,0,0,0,0,Male
2,0,0,0,0,Male
1,0,0,0,0,Male
4,0,2,0,1,Male
2,0,0,0,0,Male
3,0,1,0,2,Male
2,0,0,0,0,Male
2,0,0,0,0,Male
4,0,1,0,1,Male
2,0,0,0,0,Male
3,0,1,0,0,Male
1,0,0,0,0,Male
1,0,0,0,1,Male
3,0,0,0,0,Male
1,0,1,0,0,Male
5,0,2,0,0,Male
3,0,0,0,0,Male
4,0,1,0,0,Male
5,0,1,0,0,Male
4,0,0,0,0,Male
2,0,0,0,0,Male
3,0,1,0,0,Male
3,0,0,0,0,Male
19,0,0,0,1,Male
13,0,0,0,0,Male
2,0,0,0,1,Male
2,0,0,0,0,Female
4,0,0,0,1,Male
12,0,2,0,1,Male
11,0,3,0,0,Male
10,0,2,0,1,Male
9,0,1,0,0,Male
5,0,1,0,0,Male
14,0,1,0,1,Male
18,0,1,0,2,Male
5,0,1,0,0,Male
9,0,1,0,1,Male
7,0,3,0,0,Male
10,0,2,0,0,Male
3,0,0,0,0,Female
3,0,0,0,0,Male
7,0,1,0,0,Male
2,0,0,0,0,Male
8,0,2,0,0,Male
2,0,0,0,0,Male
6,0,1,0,0,Male
2,0,0,0,1,Male
2,0,0,0,0,Male
2,0,0,0,0,Male
4,0,0,0,0,Male
2,0,0,0,0,Female
2,0,0,0,0,Female
4,0,0,0,0,Female
4,0,0,0,0,Female
3,0,0,0,0,Female
6,0,0,0,0,Female
2,0,0,0,0,Female
7,0,0,0,0,Female
0,0,0,0,0,Male
2,0,0,0,0,Male
2,0,0,0,0,Male
1,0,0,0,0,Male
2,0,0,0,0,Male
5,0,1,0,0,Male
1,0,1,0,0,Male
2,0,0,0,0,Male
10,0,1,0,0,Male
7,0,1,0,1,Male
6,0,1,0,0,Male
6,0,1,0,0,Male
6,0,1,0,0,Male
3,0,1,0,0,Female
3,0,1,0,0,Female
3,0,1,0,0,Female
3,0,1,0,0,Female
3,0,1,0,0,Female
3,0,1,0,0,Female
3,0,1,0,0,Female
3,0,1,0,0,Female
3,0,1,0,0,Female
3,0,1,0,0,Female
3,0,1,0,0,Female
3,0,1,0,0,Female
3,0,1,0,0,Female
3,0,1,0,0,Female
3,0,1,0,0,Female
3,0,1,0,0,Female
3,0,1,0,0,Female
3,0,1,0,0,Female
3,0,1,0,0,Female
3,0,1,0,0,Female
3,0,1,0,0,Female
3,0,1,0,0,Female
3,0,1,0,0,Female
3,0,1,0,0,Female
3,0,1,0,0,Female
3,0,1,0,0,Female
3,0,1,0,0,Female
3,0,1,0,0,Female
3,0,1,0,0,Female
3,0,1,0,0,Female
3,0,1,0,0,Female
3,0,1,0,0,Female
3,0,1,0,0,Female
3,0,1,0,0,Female
3,0,1,0,0,Female
3,0,1,0,0,Female
3,0,1,0,0,Female
3,0,1,0,0,Female
3,0,1,0,0,Female
3,0,1,0,0,Female
3,0,1,0,0,Female
3,0,1,0,0,Female
3,0,1,0,0,Female
3,0,1,0,0,Female
3,0,1,0,0,Female
3,0,1,0,0,Female
3,0,1,0,0,Female
3,0,1,0,0,Female
3,0,1,0,0,Female
3,0,1,0,0,Female
3,0,1,0,0,Female
3,0,1,0,0,Female
3,0,1,0,0,Female
3,0,1,0,0,Female
3,0,1,0,0,Female
3,0,1,0,0,Female
3,0,1,0,0,Female
3,0,1,0,0,Female
3,0,1,0,0,Female
3,0,1,0,0,Female
3,0,1,0,0,Female
3,0,1,0,0,Female
3,0,1,0,0,Female
3,0,1,0,0,Female
3,0,1,0,0,Female
3,0,1,0,0,Female
3,0,1,0,0,Female
3,0,1,0,0,Female
3,0,1,0,0,Female
3,0,1,0,0,Female
3,0,1,0,0,Female
3,0,1,0,0,Female
3,0,1,0,0,Female
3,0,1,0,0,Female
3,0,1,0,0,Female
3,0,1,0,0,Female
3,0,1,0,0,Female
3,0,1,0,0,Female
3,0,1,0,0,Female
3,0,1,0,0,Female
3,0,1,0,0,Female
3,0,1,0,0,Female
3,0,1,0,0,Female
3,0,1,0,0,Female
3,0,1,0,0,Female
3,0,1,0,0,Female
3,0,1,0,0,Female
3,0,1,0,0,Female
3,0,1,0,0,Female
3,0,1,0,0,Female
3,0,1,0,0,Female
3,0,1,0,0,Female
3,0,1,0,0,Female
3,0,1,0,0,Female
3,0,1,0,0,Female
3,0,1,0,0,Female
3,0,1,0,0,Female
3,0,1,0,0,Female
3,0,1,0,0,Female
3,0,1,0,0,Female
3,0,1,0,0,Female
3,0,1,0,0,Female
3,0,1,0,0,Female
3,0,1,0,0,Female
3,0,1,0,0,Female
3,0,1,0,0,Female
3,0,1,0,0,Female
3,0,1,0,0,Female
3,0,1,0,0,Female
3,0,1,0,0,Female
13,0,2,0,1,Male
4,0,0,0,0,Male
6,0,0,0,0,Male
8,0,0,0,1,Male
2,0,1,0,0,Male
4,0,0,0,0,Male
1,0,0,0,0,Male
3,0,0,0,0,Male
2,0,0,0,0,Male
1,0,0,0,0,Male
2,0,0,0,0,Male
2,0,0,0,0,Male
5,0,0,0,0,Male
0,0,0,0,0,Male
3,0,0,0,0,Male
6,0,0,0,0,Male
1,0,0,0,0,Male
7,0,0,0,0,Male
3,0,0,0,0,Male
3,0,0,0,0,Male
7,0,0,0,1,Male
4,0,0,0,0,Male
7,1,0,0,0,Male
7,1,0,0,0,Male
2,0,0,0,0,Female
0,0,0,0,1,Male
1,0,0,0,0,Male
2,0,0,0,0,Male
2,0,0,0,0,Male
2,0,0,0,0,Male
2,0,0,0,0,Male
2,0,0,0,0,Male
3,0,0,0,0,Male
2,0,0,0,0,Male
3,0,0,0,0,Male
3,0,0,0,0,Male
3,0,0,0,0,Male
2,0,0,0,0,Male
2,0,0,0,0,Male
2,0,0,0,0,Male
2,0,0,0,0,Male
2,0,0,0,0,Male
1,0,0,0,0,Male
2,0,0,0,0,Male
2,0,0,0,0,Female
1,0,0,0,0,Male
1,0,0,0,0,Female
3,0,0,0,0,Male
0,0,0,0,0,Female
3,0,0,0,0,Female
3,0,0,0,0,Female
3,0,1,0,0,Male
6,0,0,0,0,Male
6,0,0,0,0,Male
6,0,0,0,0,Male
6,0,0,0,0,Male
6,0,0,0,0,Male
6,0,0,0,0,Male
6,0,0,0,0,Male
6,0,0,0,0,Male
6,0,0,0,0,Male
6,0,0,0,0,Male
6,0,0,0,0,Male
6,0,0,0,0,Male
8,0,0,0,0,Male
6,0,0,0,0,Male
6,0,0,0,0,Male
6,0,0,0,0,Male
6,0,0,0,0,Male
6,0,0,0,0,Male
8,0,0,0,0,Male
4,0,0,0,0,Male
4,0,0,0,0,Male
4,0,0,0,0,Male
4,0,0,0,0,Male
7,2,1,0,0,Male
3,0,1,0,0,Female
5,0,1,0,0,Female
6,0,1,0,0,Female
2,0,0,0,0,Female
4,0,1,0,0,Female
4,0,1,0,0,Male
4,0,1,0,0,Female
0,0,0,0,0,Male
0,0,0,0,0,Male
0,0,0,0,0,Male
0,0,0,0,0,Male
0,0,0,0,0,Male
0,0,0,0,0,Male
0,0,0,0,0,Male
0,0,0,0,0,Male
0,0,0,0,0,Male
0,0,0,0,0,Male
0,0,0,0,0,Male
0,0,0,0,0,Male
0,0,0,0,0,Male
0,0,0,0,0,Male
3,0,0,0,0,Male
4,0,0,0,0,Male
2,0,0,0,0,Female
1,0,0,0,0,Male
4,0,1,0,1,Male
4,0,0,0,0,Male
5,0,0,0,0,Male
2,0,1,0,0,Female
2,0,1,0,0,Female
2,0,1,0,0,Female
2,0,1,0,0,Female
2,0,1,0,0,Female
2,0,1,0,0,Female
2,0,1,0,0,Female
2,0,1,0,0,Female
2,0,1,0,0,Female
2,0,1,0,0,Female
2,0,1,0,0,Female
2,0,1,0,0,Female
1,0,0,0,1,Female
2,0,0,0,0,Female
2,0,0,0,0,Female
8,0,2,0,1,Male
2,0,0,0,0,Male
3,0,0,0,0,Male
2,0,0,0,0,Male
4,0,0,0,0,Male
4,0,0,0,0,Male
1,0,0,0,0,Male
2,0,0,0,0,Male
2,0,0,0,1,Male
1,0,0,0,0,Male
1,0,0,0,0,Male
2,0,0,0,0,Male
2,1,1,0,0,Male
1,0,0,0,1,Male
7,0,1,0,0,Male
7,0,1,0,0,Male
7,0,1,0,0,Male
7,0,1,0,0,Male
2,0,0,0,0,Male
8,0,1,0,0,Male
12,0,2,0,0,Male
2,0,0,0,0,Male
1,0,0,0,0,Male
6,0,0,0,0,Male
4,0,0,0,0,Male
4,0,0,0,1,Male
1,0,0,0,0,Male
1,0,0,0,0,Male
1,0,0,0,0,Male
5,0,2,0,0,Male
0,0,1,0,0,Male
1,0,0,0,0,Male
1,0,0,0,0,Male
1,0,0,0,0,Male
1,0,0,0,0,Male
5,0,3,0,0,Male
2,0,1,0,0,Male
1,0,0,0,0,Male
1,0,0,0,0,Male
6,0,0,0,0,Male
4,0,0,0,0,Male
6,0,0,0,0,Male
3,0,0,0,0,Male
2,0,0,0,0,Female
2,0,0,0,1,Male
2,0,0,0,1,Male
2,0,0,0,0,Female
2,0,0,0,0,Female
2,0,0,0,0,Female
2,0,0,0,0,Female
1,0,0,0,1,Male
2,0,0,0,0,Male
2,0,0,0,0,Male
2,0,0,0,0,Male
1,0,1,0,0,Male
9,0,0,0,1,Male
7,0,0,0,0,Female
2,0,0,0,1,Male
2,0,0,0,1,Male
2,0,0,0,1,Female
9,0,2,0,0,Female
10,0,2,0,0,Female
12,0,2,0,0,Female
12,0,2,0,0,Female
11,0,2,0,0,Female
12,0,2,0,0,Female
1,0,0,0,0,Female
2,0,0,0,0,Female
12,0,2,0,0,Male
6,0,2,0,2,Male
2,0,0,0,0,Female
2,0,1,0,0,Male
2,0,0,0,0,Male
2,0,0,0,0,Male
4,0,0,0,0,Female
0,0,0,0,1,Female
1,0,0,0,0,Male
2,0,0,0,0,Male
1,0,0,0,0,Male
3,0,0,0,0,Male
2,0,0,0,0,Male
0,0,1,0,0,Male
2,0,0,0,0,Male
1,0,0,0,0,Male
3,0,0,0,0,Male
1,0,0,0,1,Male
3,0,1,0,0,Male
1,0,0,0,0,Male
3,0,0,0,0,Male
2,0,1,0,0,Male
2,0,0,0,0,Female
2,0,0,0,0,Female
10,0,1,0,0,Male
10,0,1,0,0,Male
10,0,1,0,0,Male
11,0,1,0,0,Male
10,0,1,0,0,Male
10,0,1,0,0,Male
8,0,1,0,0,Male
8,0,1,0,0,Male
9,0,1,0,0,Male
8,0,1,0,0,Male
8,0,1,0,0,Male
9,0,1,0,0,Male
10,0,2,0,0,Male
10,0,2,0,0,Male
10,0,2,0,0,Male
11,0,2,0,0,Male
10,0,2,0,0,Male
10,0,2,0,0,Male
10,0,2,0,0,Male
11,0,2,0,0,Male
8,0,1,0,0,Male
8,0,1,0,0,Male
9,0,1,0,0,Male
8,0,1,0,0,Male
8,0,1,0,0,Male
8,0,1,0,0,Male
8,0,1,0,0,Male
8,0,1,0,0,Male
5,0,1,0,1,Female
7,0,1,0,1,Female
6,0,2,0,2,Female
7,0,2,0,1,Female
8,0,1,0,1,Female
6,0,1,0,1,Female
5,0,1,0,2,Female
7,0,1,0,1,Female
5,0,1,0,2,Female
6,0,1,0,1,Female
8,0,1,0,2,Female
4,0,1,0,1,Female
7,0,1,0,1,Female
6,0,1,0,1,Female
8,0,1,0,2,Female
7,0,1,0,1,Female
6,0,1,0,2,Female
6,0,1,0,1,Female
7,0,1,0,1,Female
11,0,2,0,0,Female
9,0,1,0,0,Female
10,0,1,0,1,Female
7,0,1,0,0,Female
5,0,1,0,1,Female
5,0,1,0,1,Female
7,0,1,0,1,Female
8,0,1,0,0,Female
9,0,1,0,0,Female
6,0,1,0,2,Female
5,0,1,0,1,Female
4,1,1,0,2,Female
6,0,1,0,2,Female
5,0,1,0,1,Female
6,0,1,0,0,Female
4,0,1,0,1,Female
6,0,1,0,2,Female
8,0,1,0,1,Female
6,0,1,0,1,Female
5,0,1,0,1,Female
7,0,1,0,1,Female
5,0,1,0,1,Female
5,0,1,0,1,Female
7,0,3,0,1,Female
5,0,1,0,1,Female
5,0,1,0,1,Female
8,0,1,0,1,Female
7,0,1,0,1,Female
6,0,1,0,1,Female
5,0,1,0,1,Female
2,0,0,0,0,Male
2,0,0,0,0,Female
8,0,0,0,0,Female
6,0,0,0,0,Female
9,0,2,0,0,Female
3,0,0,0,0,Male
2,0,1,0,1,Male
4,0,1,0,0,Male
5,0,1,0,0,Male
8,0,2,0,0,Male
10,0,3,0,0,Male
1,0,0,0,1,Male
1,0,0,0,0,Female
1,0,0,0,0,Female
1,0,0,0,0,Female
1,0,0,0,1,Male
4,0,2,0,0,Male
2,0,2,0,0,Male
3,0,2,0,0,Male
2,0,1,0,0,Male
3,0,0,0,0,Male
2,0,1,0,0,Male
5,0,1,0,0,Male
3,0,0,0,0,Male
2,0,0,0,0,Male
5,0,0,0,0,Male
9,0,1,0,0,Male
7,0,1,0,0,Male
9,0,2,0,0,Male
3,0,1,0,0,Male
1,0,0,0,0,Male
2,0,0,0,0,Male
5,0,1,0,1,Male
3,0,0,0,1,Female
2,0,0,0,0,Male
4,0,0,0,0,Male
1,0,1,0,0,Male
1,0,1,0,0,Male
1,0,1,0,0,Male
1,0,1,0,0,Male
1,0,1,0,0,Male
1,0,1,0,0,Male
1,0,1,0,0,Male
1,0,1,0,0,Male
2,0,0,0,0,Male
1,0,0,0,0,Male
1,0,0,0,0,Female
20,0,3,0,0,Male
19,0,3,0,0,Male
17,0,4,0,0,Male
17,0,4,0,0,Male
1,0,0,0,0,Male
5,0,0,0,0,Male
3,0,1,0,0,Male
3,0,1,0,0,Male
2,0,0,0,0,Male
2,0,0,0,0,Male
1,0,0,0,0,Male
9,0,2,0,1,Male
2,0,0,0,0,Male
3,0,0,0,0,Male
2,0,0,0,0,Male
2,0,0,0,0,Male
10,0,0,0,1,Male
7,0,0,0,0,Male
8,0,0,0,0,Male
10,0,0,0,0,Male
5,0,0,0,0,Male
5,0,0,0,0,Male
5,0,0,0,0,Male
5,0,0,0,0,Male
5,0,0,0,0,Male
5,0,0,0,0,Male
5,0,0,0,0,Male
5,0,0,0,0,Male
5,0,0,0,0,Male
5,0,0,0,0,Male
5,0,0,0,0,Male
5,0,0,0,0,Male
10,0,1,0,1,Male
10,0,1,0,1,Male
1,0,0,0,0,Male
1,0,0,0,0,Male
1,0,0,0,0,Female
4,0,0,0,0,Male
2,0,0,0,0,Male
2,0,1,0,0,Male
1,0,0,0,0,Male
14,0,1,0,0,Male
12,1,3,0,1,Male
1,0,1,0,0,Female
2,0,0,0,0,Male
5,0,1,0,0,Male
5,0,0,0,0,Male
8,0,2,0,0,Male
6,0,1,0,0,Male
7,0,1,0,0,Male
10,0,2,0,1,Male
4,0,0,0,0,Male
7,0,0,0,0,Male
7,0,0,0,1,Male
8,0,1,0,0,Male
4,0,0,0,0,Male
9,0,0,0,0,Male
12,0,3,0,1,Female
1,0,0,0,0,Male
12,0,2,0,0,Male
13,0,1,0,0,Male
13,0,1,0,0,Male
13,0,1,0,0,Male
13,0,1,0,0,Male
18,0,3,0,0,Male
18,0,3,0,0,Male
18,0,3,0,0,Male
14,0,2,0,0,Male
14,0,2,0,0,Male
15,0,2,0,0,Male
15,0,2,0,0,Male
15,0,2,0,0,Male
15,0,2,0,0,Male
15,0,2,0,0,Male
15,0,2,0,0,Male
13,0,1,0,0,Male
13,0,1,0,0,Male
13,0,1,0,0,Male
4,0,2,0,0,Male
3,0,2,0,0,Male
4,0,2,0,0,Male
1,0,0,0,0,Female
7,0,1,0,0,Male
1,0,0,0,0,Female
2,0,0,0,0,Female
2,0,0,0,0,Female
2,0,1,0,0,Female
6,0,1,0,0,Female
3,0,0,0,0,Female
2,0,1,0,0,Male
0,0,0,0,0,Female
2,0,0,0,1,Female
4,0,1,0,0,Female
3,0,1,0,0,Female
5,0,1,0,0,Female
5,0,1,0,0,Female
5,0,2,0,0,Female
5,0,2,0,0,Female
5,0,2,0,0,Female
4,0,1,0,1,Female
4,0,1,0,1,Female
4,0,1,0,1,Female
7,0,1,0,1,Male
6,0,1,0,1,Male
9,0,2,0,1,Male
8,0,2,0,0,Male
10,0,2,0,2,Male
9,0,2,0,2,Male
8,0,1,0,0,Male
1,0,0,0,0,Female
6,0,3,0,0,Male
5,0,1,0,0,Male
8,0,1,0,0,Male
6,0,0,0,0,Male
2,0,1,0,0,Male
1,0,0,0,0,Male
19,0,3,0,0,Male
9,0,0,0,0,Male
20,0,3,0,0,Male
10,0,1,0,1,Male
5,0,2,0,0,Male
2,0,0,0,0,Female
3,0,1,0,0,Male
1,0,0,0,0,Male
4,0,1,0,0,Male
0,0,0,0,1,Male
2,0,1,0,0,Male
1,0,0,0,0,Male
2,0,1,0,0,Male
1,0,0,0,0,Male
1,0,0,0,0,Male
2,0,0,0,0,Male
2,0,0,0,0,Male
1,0,1,0,0,Female
1,0,0,0,0,Male
6,0,3,0,1,Female
2,0,0,0,0,Male
1,0,0,0,1,Female
5,0,0,0,2,Male
3,0,0,0,0,Female
6,0,1,0,0,Female
3,0,1,0,0,Male
1,0,0,0,0,Male
1,0,0,0,0,Male
1,0,0,0,0,Male
1,0,0,0,0,Male
1,0,0,0,0,Male
1,0,0,0,0,Male
1,0,0,0,0,Male
1,0,0,0,0,Male
1,0,0,0,0,Male
1,0,0,0,0,Male
1,0,0,0,0,Male
1,0,0,0,0,Male
1,0,0,0,0,Male
1,0,0,0,0,Male
1,0,0,0,0,Male
1,0,0,0,0,Male
1,0,0,0,0,Male
1,0,0,0,0,Male
1,0,0,0,0,Male
1,0,0,0,0,Male
1,0,0,0,0,Male
1,0,0,0,0,Male
1,0,0,0,0,Male
1,0,0,0,0,Male
1,0,0,0,0,Male
1,0,0,0,0,Male
1,0,0,0,0,Male
1,0,0,0,0,Male
1,0,0,0,0,Male
1,0,0,0,0,Male
1,0,0,0,0,Male
1,0,0,0,0,Male
1,0,0,0,0,Male
1,0,0,0,0,Male
1,0,0,0,0,Male
1,0,0,0,0,Male
1,0,0,0,0,Male
1,0,0,0,0,Male
1,0,0,0,0,Male
1,0,0,0,0,Male
1,0,0,0,0,Male
1,0,0,0,0,Male
1,0,0,0,0,Male
1,0,0,0,0,Male
1,0,0,0,0,Male
1,0,0,0,0,Male
1,0,0,0,0,Male
1,0,0,0,0,Male
1,0,0,0,0,Male
1,0,0,0,0,Male
1,0,0,0,0,Male
1,0,0,0,0,Male
1,0,0,0,0,Male
1,0,0,0,0,Male
1,0,0,0,0,Male
1,0,0,0,0,Male
1,0,0,0,0,Male
1,0,0,0,0,Male
1,0,0,0,0,Male
1,0,0,0,0,Male
1,0,0,0,0,Male
1,0,0,0,0,Male
1,0,0,0,0,Male
1,0,0,0,0,Male
1,0,0,0,0,Male
1,0,0,0,0,Male
1,0,0,0,0,Male
7,0,0,0,1,Male
1,0,0,0,0,Male
2,0,0,0,0,Male
2,0,0,0,0,Male
2,0,0,0,0,Male
5,0,0,0,0,Male
3,0,1,0,0,Male
2,0,1,0,0,Male
2,0,1,0,0,Male
2,0,0,0,0,Male
2,0,1,0,0,Female
1,0,0,0,0,Male
2,0,1,0,0,Male
2,0,1,0,0,Male
2,0,0,0,0,Male
3,0,1,0,0,Male
3,0,1,0,0,Male
3,0,1,0,0,Male
3,0,0,0,0,Male
2,0,1,0,0,Male
2,0,1,0,0,Male
4,0,1,0,0,Female
2,0,0,0,0,Female
2,0,0,0,0,Female
4,0,0,0,0,Female
2,0,0,0,0,Female
2,0,0,0,0,Female
4,0,0,0,0,Female
4,0,0,0,0,Female
4,0,0,0,0,Female
4,0,0,0,0,Female
4,0,0,0,0,Female
4,0,0,0,0,Female
4,0,0,0,0,Female
4,0,0,0,0,Female
4,0,0,0,0,Female
4,0,0,0,0,Female
4,0,0,0,0,Female
2,0,0,0,0,Female
3,0,0,0,0,Male
2,0,0,0,1,Male
3,0,2,0,0,Male
3,0,0,0,0,Male
2,0,0,0,0,Female
4,0,0,0,0,Female
1,0,0,0,0,Male
4,0,0,0,0,Male
7,0,1,0,0,Male
5,0,0,0,0,Male
4,0,0,0,0,Male
9,0,2,0,0,Male
6,0,1,0,0,Male
7,0,1,0,0,Male
6,0,1,0,0,Male
5,0,0,0,1,Male
5,0,0,0,1,Male
5,0,0,0,0,Male
4,0,0,0,0,Male
6,0,0,0,0,Male
7,0,1,0,0,Male
4,0,0,0,0,Male
4,0,0,0,1,Male
4,0,0,0,0,Male
